agent_a_id,agent_b_id,agent_a_class,agent_b_class,pair_type,outcome,NM,SDD,PEB_final,PET,TTC_min,TTC_poly_min,Max_CCI,Max_density_raw,ped_id,veh_id,veh_class
2,3,lcv,pedestrian,ped_veh,agent_a_first,-1.3732,1.751,0.6144,0.0,0.9078,1.8,0.00696,0.000467,2,3,pedestrian
2,5,lcv,pedestrian,ped_veh,agent_a_first,-3.7594,1.1006,1.1139,0.5503,1.0052,,0.00312,0.000209,2,5,pedestrian
2,6,lcv,pedestrian,ped_veh,agent_a_first,-3.0243,2.6515,0.4288,0.7004,0.8966,7.7,0.02299,0.001542,2,6,pedestrian
2,7,lcv,lcv,veh_veh,agent_b_first,-8.9555,0.05,0.2417,0.7504,1.28,1.9,0.03653,0.001435,2,7,lcv
2,13,lcv,pedestrian,ped_veh,agent_a_first,-1.0615,0.4502,0.7686,0.4002,1.2181,,0.00203,0.000136,2,13,pedestrian
2,21,lcv,lcv,veh_veh,unresolved_conflict_zone,-1.295,0.1501,0.9252,0.1501,0.542,0.85,0.00017,7e-06,2,21,lcv
4,16,pedestrian,cyclist,ped_veh,agent_a_first,1.6264,1.0006,0.5288,0.3002,0.602,,0.0,0.0,4,16,cyclist
4,21,pedestrian,lcv,ped_veh,agent_b_first,-1.2447,1.5008,0.9884,0.0,0.791,1.55,0.0,0.0,4,21,lcv
5,10,pedestrian,bus,ped_veh,agent_b_first,24.5807,1.901,0.9106,0.0,1.324,,0.0,0.0,5,10,bus
5,21,pedestrian,lcv,ped_veh,agent_b_first,-5.7416,0.9005,1.2992,0.2001,1.7124,,0.00451,0.000303,5,21,lcv
6,16,pedestrian,cyclist,ped_veh,agent_b_first,-10.4045,0.4002,1.0009,0.2001,3.308,,7e-05,1.6e-05,6,16,cyclist
6,21,pedestrian,lcv,ped_veh,agent_b_first,4.1213,3.652,4.9794,0.6003,1.3684,,0.02649,0.001777,6,21,lcv
6,35,pedestrian,lcv,ped_veh,agent_b_first,5.6511,0.7504,2.9262,0.0,3.0822,0.5,0.00014,9e-06,6,35,lcv
6,36,pedestrian,lcv,ped_veh,agent_b_first,-2.1535,3.652,16.4575,1.5008,2.3848,1.9,0.00234,0.000157,6,36,lcv
6,40,pedestrian,lcv,ped_veh,agent_b_first,-0.4973,3.702,11.6926,1.5008,2.8523,1.35,0.00053,3.6e-05,6,40,lcv
6,1401,pedestrian,motorcycle,ped_veh,agent_b_first,2.1506,0.3002,4.8148,0.1001,5.1121,,0.0,0.0,6,1401,motorcycle
7,21,lcv,lcv,veh_veh,agent_b_first,4.1675,0.6003,0.8657,0.0,1.009,1.55,0.13349,0.005246,7,21,lcv
8,1398,pedestrian,car,ped_veh,unresolved_conflict_zone,-1.3359,0.0,0.3952,0.5003,0.6716,0.6,0.00676,0.000656,8,1398,car
13,21,pedestrian,lcv,ped_veh,agent_b_first,-9.5199,0.0,0.7938,0.0,1.402,,0.00014,1e-05,13,21,lcv
21,38,lcv,pedestrian,ped_veh,agent_b_first,-1.8298,0.0,0.6343,0.0,1.4367,,0.0,0.0,21,38,pedestrian
24,28,pedestrian,auto_rickshaw,ped_veh,agent_b_first,-0.4837,0.1001,1.2334,0.0,1.3729,1.6,0.0,0.0,24,28,auto_rickshaw
35,38,lcv,pedestrian,ped_veh,agent_a_first,0.382,1.1006,0.3159,0.05,0.8944,,0.00013,9e-06,35,38,pedestrian
35,41,lcv,pedestrian,ped_veh,agent_a_first,15.3862,1.0506,29.1079,0.0,8.5314,0.6,0.0,0.0,35,41,pedestrian
36,40,lcv,lcv,veh_veh,agent_a_first,0.3654,2.1512,1.5873,1.4508,0.4452,3.65,0.00519,0.000204,36,40,lcv
36,41,lcv,pedestrian,ped_veh,agent_a_first,-0.619,4.4524,15.478,1.7009,3.0813,2.3,0.0,0.0,36,41,pedestrian
36,45,lcv,pedestrian,ped_veh,agent_a_first,-3.4287,1.0506,1.9644,0.05,1.6437,1.3,0.0,0.0,36,45,pedestrian
36,48,lcv,pedestrian,ped_veh,agent_a_first,-1.5297,2.0511,8.6755,1.6009,3.5155,,1e-05,1e-06,36,48,pedestrian
36,1393,lcv,pedestrian,ped_veh,agent_a_first,-2.9624,3.1517,3.3513,0.05,2.5855,1.4,0.00236,0.000158,36,1393,pedestrian
36,1398,lcv,car,veh_veh,agent_a_first,-2.2378,0.1001,0.3227,0.9505,2.6654,,0.0,0.0,36,1398,car
36,1401,lcv,motorcycle,veh_veh,agent_a_first,2.6548,0.2001,0.6017,0.1501,0.3047,0.85,7e-05,4e-06,36,1401,motorcycle
38,40,pedestrian,lcv,ped_veh,unresolved_conflict_zone,-0.0676,0.6003,0.3431,0.7004,0.2991,,0.00339,0.000227,38,40,lcv
38,1398,pedestrian,car,ped_veh,agent_b_first,0.8212,2.0511,1.648,0.0,4.2134,,0.0,0.0,38,1398,car
38,1401,pedestrian,motorcycle,ped_veh,agent_a_first,2.1965,0.05,1.6477,0.1501,0.2021,0.85,0.0,0.0,38,1401,motorcycle
40,41,lcv,pedestrian,ped_veh,agent_a_first,-1.1122,4.5025,11.7132,1.4508,12.784,1.55,0.0,0.0,40,41,pedestrian
40,45,lcv,pedestrian,ped_veh,agent_a_first,-1.7982,1.1506,1.9384,0.4002,1.2674,1.35,1e-05,0.0,40,45,pedestrian
40,48,lcv,pedestrian,ped_veh,agent_a_first,0.8969,2.6515,11.6551,0.7004,3.3581,,2e-05,1e-06,40,48,pedestrian
40,1393,lcv,pedestrian,ped_veh,unresolved_conflict_zone,-0.0244,0.0,0.4446,0.5003,4.7165,0.7,0.10506,0.007046,40,1393,pedestrian
40,1398,lcv,car,veh_veh,agent_a_first,3.8747,0.3002,5.2752,1.0006,5.9525,,0.0,0.0,40,1398,car
40,1401,lcv,motorcycle,veh_veh,agent_a_first,-5.0188,0.0,0.1729,0.0,0.1253,0.05,0.99814,0.062666,40,1401,motorcycle
41,68,pedestrian,motorcycle,ped_veh,agent_b_first,-3.8373,2.7515,18.0702,0.3502,14.2336,,0.0,0.0,41,68,motorcycle
41,78,pedestrian,lcv,ped_veh,agent_b_first,8.8191,3.0517,3.614,0.0,3.6042,,0.58385,0.039158,41,78,lcv
45,1401,pedestrian,motorcycle,ped_veh,agent_b_first,0.9,0.2001,1.707,0.1501,1.275,1.4,0.0,0.0,45,1401,motorcycle
48,68,pedestrian,motorcycle,ped_veh,agent_b_first,-0.4007,1.1506,14.9997,0.4502,1.5733,,0.0,0.0,48,68,motorcycle
48,1401,pedestrian,motorcycle,ped_veh,agent_b_first,-117.295,0.05,7.1387,0.1501,1.7275,,0.0,0.0,48,1401,motorcycle
59,1398,pedestrian,car,ped_veh,agent_a_first,-0.2762,0.8004,0.9169,0.1001,0.6301,0.5,0.09041,0.008771,59,1398,car
61,68,pedestrian,motorcycle,ped_veh,agent_b_first,11.9527,0.5003,1.755,0.6003,1.4705,,0.0,0.0,61,68,motorcycle
61,78,pedestrian,lcv,ped_veh,agent_a_first,1.9034,0.3502,0.5874,0.0,0.6661,,0.11995,0.008045,61,78,lcv
62,68,pedestrian,motorcycle,ped_veh,unresolved_conflict_zone,-0.8081,1.851,0.096,0.0,0.2188,0.1,0.34916,0.070293,62,68,motorcycle
65,1398,pedestrian,car,ped_veh,agent_b_first,-2.826,0.0,0.7313,0.2501,1.0342,,0.00088,8.5e-05,65,1398,car
66,1398,pedestrian,car,ped_veh,unresolved_conflict_zone,1.483,1.2507,0.4409,0.2501,0.2507,0.7,0.0,0.0,66,1398,car
67,68,pedestrian,motorcycle,ped_veh,agent_b_first,3.1464,2.2512,3.4939,0.4502,2.7744,2.45,0.00183,0.000368,67,68,motorcycle
70,1398,pedestrian,car,ped_veh,agent_b_first,-2.0521,0.1501,1.1208,0.0,0.0205,0.05,0.99061,0.096102,70,1398,car
78,1405,lcv,pedestrian,ped_veh,agent_a_first,0.2196,0.3502,0.2334,0.05,0.7458,2.5,0.10328,0.006927,78,1405,pedestrian
97,101,car,pedestrian,ped_veh,agent_a_first,0.0117,0.8505,63.765,0.0,2.8261,3.55,0.0,0.0,97,101,pedestrian
97,111,car,car,veh_veh,unresolved_conflict_zone,-0.0289,0.05,0.5009,0.0,0.7494,,0.03254,0.001973,97,111,car
101,103,pedestrian,cyclist,ped_veh,agent_b_first,1.0663,0.1001,1.8816,0.0,1.1474,,0.0,0.0,101,103,cyclist
101,122,pedestrian,truck,ped_veh,agent_b_first,-6.1333,1.9511,10.7063,0.0,5.2603,1.2,0.00052,2.9e-05,101,122,truck
101,127,pedestrian,bus,ped_veh,agent_b_first,-5.0379,1.3007,25.337,0.0,3.5505,1.4,0.00058,3.2e-05,101,127,bus
101,145,pedestrian,truck,ped_veh,agent_b_first,10.7669,1.4008,0.3033,0.0,2.9406,,0.00059,3.3e-05,101,145,truck
103,106,cyclist,pedestrian,ped_veh,agent_a_first,-6.5053,0.4002,4.3022,0.0,1.5274,,1e-05,3e-06,103,106,pedestrian
103,1400,cyclist,pedestrian,ped_veh,agent_b_first,-4.3361,0.4002,0.3526,0.0,0.6853,,0.00086,0.000188,103,1400,pedestrian
103,1417,cyclist,pedestrian,ped_veh,agent_a_first,-0.3967,1.0006,1.5836,0.1501,0.3253,0.7,0.0,0.0,103,1417,pedestrian
117,122,truck,truck,veh_veh,agent_b_first,10.5411,1.4508,14.3256,0.0,5.1685,0.45,0.22214,0.007071,117,122,truck
117,127,truck,bus,veh_veh,agent_b_first,7.3341,0.7504,9.2883,0.0,3.4578,0.55,0.19347,0.006158,117,127,bus
117,1407,truck,pedestrian,ped_veh,agent_b_first,122.9881,0.05,21.0723,0.0,21.8754,,0.00572,0.000319,117,1407,pedestrian
120,165,pedestrian,bus,ped_veh,agent_b_first,-3.046,1.751,6.6335,0.0,4.9095,0.65,0.02776,0.00155,120,165,bus
122,124,truck,truck,veh_veh,agent_a_first,-1.8264,0.0,0.621,0.0,0.8692,,0.09313,0.002964,122,124,truck
122,127,truck,bus,veh_veh,unresolved_conflict_zone,-0.3641,2.2012,0.0888,0.0,1.4922,,0.03239,0.001031,122,127,bus
127,150,bus,car,veh_veh,agent_b_first,-2.2016,0.0,1.7908,0.0,0.9482,,0.0,0.0,127,150,car
135,165,pedestrian,bus,ped_veh,agent_b_first,2.7243,0.4502,1.9965,0.0,2.2341,0.65,0.00933,0.000521,135,165,bus
146,148,car,truck,veh_veh,agent_b_first,-0.2247,0.1501,1.04,0.2501,0.5506,,0.03444,0.001437,146,148,truck
146,150,car,car,veh_veh,agent_b_first,1.4261,1.9511,1.4015,0.0,1.5317,2.0,5e-05,3e-06,146,150,car
146,154,car,pedestrian,ped_veh,agent_a_first,10.8576,0.7504,37.9436,0.0,8.8018,1.95,0.0,0.0,146,154,pedestrian
146,155,car,pedestrian,ped_veh,agent_a_first,-0.6726,1.5008,0.3748,0.0,0.8225,0.7,0.06385,0.006194,146,155,pedestrian
146,158,car,pedestrian,ped_veh,agent_a_first,-2.7428,1.0006,0.9307,0.0,0.9013,0.8,0.0532,0.005161,146,158,pedestrian
148,154,truck,pedestrian,ped_veh,agent_a_first,-4.2611,0.0,1.0968,0.5003,2.8499,2.6,0.00165,9.2e-05,148,154,pedestrian
148,158,truck,pedestrian,ped_veh,agent_a_first,-0.7706,3.5019,1.5568,1.901,1.2007,1.15,0.03571,0.001994,148,158,pedestrian
148,161,truck,pedestrian,ped_veh,agent_b_first,-1.4092,0.0,0.6292,2.8516,5.1776,3.5,0.0,0.0,148,161,pedestrian
148,171,truck,pedestrian,ped_veh,agent_b_first,-3.5958,0.0,1.8338,0.1001,1.1979,1.7,0.00222,0.000124,148,171,pedestrian
148,183,truck,pedestrian,ped_veh,agent_a_first,-5.593,2.5514,0.9094,0.05,1.2312,,0.00112,6.3e-05,148,183,pedestrian
148,187,truck,pedestrian,ped_veh,agent_b_first,-42.8073,0.0,6.6869,0.0,8.5461,,0.0,0.0,148,187,pedestrian
148,1456,truck,truck,veh_veh,agent_b_first,-2.5268,0.4002,1.2201,0.0,1.7927,0.45,0.20523,0.006533,148,1456,truck
161,193,pedestrian,lcv,ped_veh,agent_b_first,-0.0682,3.3518,1.3708,0.3002,0.6407,0.45,0.14234,0.009546,161,193,lcv
161,1456,pedestrian,truck,ped_veh,agent_b_first,-11.8109,0.4502,0.2572,0.0,1.6415,,0.0,0.0,161,1456,truck
168,1475,pedestrian,car,ped_veh,agent_b_first,-2.1991,0.0,0.7573,0.0,0.7809,0.55,0.2018,0.019578,168,1475,car
188,190,lcv,pedestrian,ped_veh,agent_b_first,0.9552,1.6009,2.5872,0.5503,1.0672,,0.22798,0.01529,188,190,pedestrian
188,193,lcv,lcv,veh_veh,agent_b_first,0.081,0.0,5.7016,0.0,0.7362,,0.66616,0.026179,188,193,lcv
190,192,pedestrian,lcv,ped_veh,agent_a_first,2.8517,0.2001,1.9017,0.2001,1.4558,,0.04693,0.003147,190,192,lcv
191,193,pedestrian,lcv,ped_veh,agent_b_first,0.3576,0.2001,0.234,0.2001,0.5612,0.6,0.11164,0.007487,191,193,lcv
192,193,lcv,lcv,veh_veh,unresolved_conflict_zone,0.6563,0.6504,0.0805,0.0,0.5622,,0.35689,0.014025,192,193,lcv
193,197,lcv,pedestrian,ped_veh,agent_b_first,-2.966,0.1501,0.5713,0.0,1.1932,,0.5212,0.034956,193,197,pedestrian
193,208,lcv,pedestrian,ped_veh,agent_a_first,1.516,0.05,0.554,0.0,0.5057,0.8,0.0,0.0,193,208,pedestrian
193,1429,lcv,pedestrian,ped_veh,agent_a_first,-1.3837,1.801,7.7889,0.0,2.1802,1.15,0.00124,8.3e-05,193,1429,pedestrian
208,1475,pedestrian,car,ped_veh,unresolved_conflict_zone,0.9146,2.4013,0.1396,0.7004,0.6786,1.15,0.0,0.0,208,1475,car
213,1466,pedestrian,truck,ped_veh,unresolved_conflict_zone,-0.0397,0.4502,0.2427,0.0,0.7395,,0.01156,0.000646,213,1466,truck
214,224,lcv,cyclist,cyc_veh,agent_b_first,-0.9133,2.2512,1.7576,0.0,1.4356,,1e-05,1e-06,214,224,cyclist
214,226,lcv,pedestrian,ped_veh,agent_b_first,-0.8442,1.901,1.3395,0.0,1.1057,,0.00014,9e-06,214,226,pedestrian
214,231,lcv,pedestrian,ped_veh,agent_a_first,-51.991,0.7504,5.3379,0.0,8.8394,,1e-05,1e-06,214,231,pedestrian
214,1429,lcv,pedestrian,ped_veh,agent_a_first,7.8238,4.3524,503.4156,0.0,3.7781,3.5,0.0,0.0,214,1429,pedestrian
214,1439,lcv,pedestrian,ped_veh,agent_a_first,-0.7631,0.1501,2.5378,0.05,1.0315,1.4,0.0,0.0,214,1439,pedestrian
214,1458,lcv,pedestrian,ped_veh,agent_a_first,-1.0015,2.8516,1.768,0.0,3.6548,2.2,0.01055,0.000707,214,1458,pedestrian
214,1464,lcv,pedestrian,ped_veh,agent_b_first,-2.4423,0.0,1.5827,0.3502,0.9384,0.7,0.0,0.0,214,1464,pedestrian
224,231,cyclist,pedestrian,ped_veh,agent_a_first,-5.1458,0.9505,8.7634,0.1501,2.9232,2.2,0.0,0.0,224,231,pedestrian
224,1429,cyclist,pedestrian,ped_veh,unresolved_conflict_zone,0.0516,0.7004,1.0179,0.0,2.4268,2.1,0.0,0.0,224,1429,pedestrian
224,1458,cyclist,pedestrian,ped_veh,agent_a_first,-0.3754,1.751,1.9357,0.1001,1.8907,1.0,0.02897,0.006333,224,1458,pedestrian
224,1486,cyclist,pedestrian,ped_veh,unresolved_conflict_zone,0.102,0.0,0.2032,0.2501,0.8084,,0.0,0.0,224,1486,pedestrian
241,1431,car,pedestrian,ped_veh,agent_a_first,6.9257,2.7015,10.9807,0.7504,4.8479,,0.0012,0.000117,241,1431,pedestrian
251,254,lcv,pedestrian,ped_veh,agent_b_first,0.3615,1.4508,1.0837,0.0,0.0279,0.05,0.99688,0.066859,251,254,pedestrian
251,259,lcv,lcv,veh_veh,agent_b_first,-1.8436,0.0,0.0248,0.0,0.3998,,0.12432,0.004885,251,259,lcv
257,259,pedestrian,lcv,ped_veh,agent_a_first,-0.0648,1.5008,0.4202,0.0,1.1216,,0.08927,0.005987,257,259,lcv
259,1537,lcv,pedestrian,ped_veh,agent_b_first,1.1782,0.2001,0.0716,0.0,0.8103,,0.03021,0.002026,259,1537,pedestrian
259,1555,lcv,cyclist,cyc_veh,agent_a_first,-0.9623,1.6009,0.0591,0.0,1.0276,0.6,0.00131,8.4e-05,259,1555,cyclist
259,1557,lcv,pedestrian,ped_veh,agent_b_first,-1.0958,0.3002,0.111,0.0,1.3359,0.85,0.00019,1.3e-05,259,1557,pedestrian
261,1555,pedestrian,cyclist,ped_veh,unresolved_conflict_zone,-0.7279,2.6515,0.3541,1.0006,0.5834,1.25,1e-05,1e-06,261,1555,cyclist
261,1565,pedestrian,cyclist,ped_veh,agent_a_first,-1.4163,1.1006,1.9749,0.0,2.6468,,0.0,0.0,261,1565,cyclist
277,287,pedestrian,cyclist,ped_veh,agent_b_first,1.7579,0.8505,0.7133,0.05,1.1212,,0.0,0.0,277,287,cyclist
277,1542,pedestrian,motorcycle,ped_veh,agent_b_first,-0.4181,0.4002,1.976,0.0,2.5872,1.05,0.0,0.0,277,1542,motorcycle
277,1555,pedestrian,cyclist,ped_veh,agent_a_first,1.0269,0.3502,8.1265,0.0,1.6203,,0.0,0.0,277,1555,cyclist
287,1555,cyclist,cyclist,cyc_veh,agent_a_first,0.6367,0.3002,0.812,0.0,0.1625,,0.0,0.0,287,1555,cyclist
287,1557,cyclist,pedestrian,ped_veh,agent_b_first,0.2583,0.0,0.1645,0.0,0.2826,,0.00029,6.4e-05,287,1557,pedestrian
287,1565,cyclist,cyclist,cyc_veh,agent_a_first,-1.3017,0.8505,0.4761,0.0,1.008,,0.0,0.0,287,1565,cyclist
295,304,lcv,pedestrian,ped_veh,agent_a_first,-4.7959,0.4502,0.7299,0.0,1.3099,,0.0,0.0,295,304,pedestrian
295,1434,lcv,pedestrian,ped_veh,agent_a_first,-3.6782,0.7504,13.771,0.9505,14.8619,,0.12651,0.008485,295,1434,pedestrian
323,324,car,pedestrian,ped_veh,agent_b_first,0.9734,2.1012,1.3076,0.0,0.771,1.2,0.22778,0.022097,323,324,pedestrian
338,340,cyclist,pedestrian,ped_veh,agent_a_first,-8.1829,0.0,0.4813,0.05,0.7069,,0.02646,0.005784,338,340,pedestrian
338,349,cyclist,pedestrian,ped_veh,agent_b_first,-0.366,1.1506,0.6295,0.0,0.092,0.1,0.85099,0.186039,338,349,pedestrian
338,354,cyclist,lcv,cyc_veh,agent_b_first,0.0526,3.9522,2.1803,0.0,0.38,,0.3286,0.020962,338,354,lcv
338,356,cyclist,pedestrian,ped_veh,agent_a_first,0.1567,2.1012,4.7562,1.1006,0.5711,0.75,0.00049,0.000108,338,356,pedestrian
338,358,cyclist,pedestrian,ped_veh,agent_b_first,-0.3313,0.9505,1.5172,0.0,0.4489,,0.06452,0.014105,338,358,pedestrian
338,362,cyclist,pedestrian,ped_veh,agent_b_first,-2.0229,0.5003,1.7327,0.0,0.9849,1.0,0.00065,0.000143,338,362,pedestrian
338,364,cyclist,pedestrian,ped_veh,agent_a_first,0.2302,0.0,0.4711,0.0,1.3659,,0.0,0.0,338,364,pedestrian
338,365,cyclist,pedestrian,ped_veh,agent_b_first,-9.5263,1.2507,0.7286,0.0,0.5148,,0.0,0.0,338,365,pedestrian
338,367,cyclist,pedestrian,ped_veh,agent_a_first,14.1353,0.1501,0.9737,0.0,1.6116,4.95,0.00265,0.000579,338,367,pedestrian
338,368,cyclist,lcv,cyc_veh,agent_b_first,0.0012,0.4002,0.1441,0.4002,1.1299,0.35,0.48337,0.030835,338,368,lcv
338,370,cyclist,lcv,cyc_veh,unresolved_conflict_zone,-1.087,0.4502,0.5695,0.1001,1.4165,0.8,0.37118,0.023678,338,370,lcv
338,372,cyclist,pedestrian,ped_veh,agent_b_first,-1.6212,1.0006,0.0751,0.0,0.1287,0.35,0.77197,0.168765,338,372,pedestrian
338,1435,cyclist,pedestrian,ped_veh,agent_a_first,56.2781,0.0,0.1564,0.3502,1.4467,,0.0,0.0,338,1435,pedestrian
338,1594,cyclist,pedestrian,ped_veh,agent_b_first,7.5053,0.1001,1.735,0.0,0.917,,0.0,0.0,338,1594,pedestrian
338,1603,cyclist,pedestrian,ped_veh,agent_a_first,0.1699,0.0,0.7833,0.9505,1.1553,,0.0,0.0,338,1603,pedestrian
338,1608,cyclist,pedestrian,ped_veh,agent_a_first,0.5981,1.6509,4.5729,0.0,1.0403,,0.0,0.0,338,1608,pedestrian
345,348,pedestrian,motorcycle,ped_veh,unresolved_conflict_zone,1.5287,0.05,0.2235,0.0,0.6939,0.5,0.00045,9.1e-05,345,348,motorcycle
346,354,pedestrian,lcv,ped_veh,agent_b_first,-1.9036,0.2501,1.1338,0.05,0.178,1.0,0.05429,0.003641,346,354,lcv
348,350,motorcycle,pedestrian,ped_veh,agent_a_first,31.1395,0.2001,5.5479,0.1001,1.1999,1.25,0.0,0.0,348,350,pedestrian
348,1434,motorcycle,pedestrian,ped_veh,agent_a_first,-1.7025,0.7004,7.5938,0.1001,8.2521,,0.0,0.0,348,1434,pedestrian
354,356,lcv,pedestrian,ped_veh,agent_a_first,-0.5595,3.4019,6.9978,1.0006,0.7502,1.05,0.0,0.0,354,356,pedestrian
354,358,lcv,pedestrian,ped_veh,agent_a_first,0.6292,2.2512,1.3385,0.7004,0.5995,0.55,0.41023,0.027513,354,358,pedestrian
354,359,lcv,pedestrian,ped_veh,agent_a_first,-0.1723,3.0517,1.9182,0.0,1.7199,,0.03127,0.002098,354,359,pedestrian
354,362,lcv,pedestrian,ped_veh,agent_b_first,4.1934,0.5003,0.2064,0.0,0.3785,,0.61881,0.041503,354,362,pedestrian
354,365,lcv,pedestrian,ped_veh,agent_b_first,2.238,0.1001,1.4798,0.2501,1.1823,,0.0,0.0,354,365,pedestrian
354,1435,lcv,pedestrian,ped_veh,agent_a_first,-7.9192,1.851,0.4753,0.05,1.4138,,0.05657,0.003794,354,1435,pedestrian
354,1586,lcv,pedestrian,ped_veh,agent_a_first,-1.4228,2.4013,4.4986,0.0,6.0028,,0.0,0.0,354,1586,pedestrian
354,1589,lcv,pedestrian,ped_veh,agent_a_first,-3.2957,1.5008,1.2764,1.2007,1.1913,1.65,0.13656,0.009159,354,1589,pedestrian
354,1594,lcv,pedestrian,ped_veh,agent_a_first,-5.7368,0.05,0.2862,0.3002,0.2315,0.95,0.10345,0.006938,354,1594,pedestrian
354,1603,lcv,pedestrian,ped_veh,agent_a_first,0.3058,0.1001,0.8836,0.4502,1.8096,,0.05447,0.003654,354,1603,pedestrian
356,368,pedestrian,lcv,ped_veh,agent_b_first,-0.4595,4.3024,8.1998,0.5503,2.7258,2.05,1e-05,1e-06,356,368,lcv
356,370,pedestrian,lcv,ped_veh,agent_b_first,-4.4628,2.6014,13.113,0.3002,3.6195,2.95,3e-05,2e-06,356,370,lcv
356,380,pedestrian,lcv,ped_veh,agent_a_first,-16.2615,0.0,4.6345,0.1001,1.0624,5.85,0.00073,4.9e-05,356,380,lcv
359,368,pedestrian,lcv,ped_veh,agent_b_first,0.7361,1.0506,0.8781,0.3502,0.943,1.05,0.2598,0.017424,359,368,lcv
359,370,pedestrian,lcv,ped_veh,agent_b_first,-0.6372,0.7504,0.9146,0.0,1.7723,1.45,0.11829,0.007933,359,370,lcv
367,368,pedestrian,lcv,ped_veh,agent_b_first,-3.6411,0.4502,6.6835,0.05,1.9025,0.95,0.30463,0.020431,367,368,lcv
367,370,pedestrian,lcv,ped_veh,agent_b_first,-0.7855,0.1001,7.5946,0.0,2.8533,1.5,0.03337,0.002238,367,370,lcv
368,1586,lcv,pedestrian,ped_veh,agent_a_first,5.2473,4.3024,16.1573,0.6504,3.3751,1.8,0.00026,1.7e-05,368,1586,pedestrian
368,1591,lcv,pedestrian,ped_veh,agent_a_first,2.7268,0.4502,1.4634,0.0,1.0189,0.9,0.04614,0.003094,368,1591,pedestrian
368,1603,lcv,pedestrian,ped_veh,agent_a_first,1.8243,2.9016,24.3659,0.7004,2.4013,2.45,0.0,0.0,368,1603,pedestrian
368,1608,lcv,pedestrian,ped_veh,agent_a_first,1.4405,2.2512,9.6302,0.5503,2.9897,2.25,0.0,0.0,368,1608,pedestrian
368,1627,lcv,pedestrian,ped_veh,agent_a_first,24.2625,0.6003,25.3333,0.3502,8.6949,,0.06523,0.004375,368,1627,pedestrian
370,376,lcv,pedestrian,ped_veh,agent_b_first,-1.1241,0.0,0.1026,0.0,0.4766,2.3,0.01497,0.001004,370,376,pedestrian
370,1586,lcv,pedestrian,ped_veh,agent_a_first,3.7045,2.5014,19.0852,0.4002,3.1502,2.45,0.00044,2.9e-05,370,1586,pedestrian
370,1608,lcv,pedestrian,ped_veh,agent_a_first,3.615,1.4008,7.9743,0.3002,3.6748,3.4,0.0,0.0,370,1608,pedestrian
370,1627,lcv,pedestrian,ped_veh,agent_a_first,-100.408,0.05,9.4821,0.0,9.6678,3.25,0.01262,0.000846,370,1627,pedestrian
380,381,lcv,pedestrian,ped_veh,agent_b_first,18.9049,0.0,4.0728,0.0,1.6131,5.15,0.0086,0.000577,380,381,pedestrian
380,1586,lcv,pedestrian,ped_veh,agent_a_first,3.6962,1.801,3.3741,0.05,2.0706,5.55,0.00575,0.000385,380,1586,pedestrian
380,1591,lcv,pedestrian,ped_veh,agent_a_first,3.2524,0.0,0.5765,0.1501,0.8806,,0.0,0.0,380,1591,pedestrian
380,1603,lcv,pedestrian,ped_veh,agent_a_first,2.6398,0.7504,5.9845,0.0,3.8132,,0.0,0.0,380,1603,pedestrian
380,1608,lcv,pedestrian,ped_veh,agent_b_first,20.2446,0.1501,0.4475,0.1501,2.0844,,0.00019,1.3e-05,380,1608,pedestrian
380,1624,lcv,pedestrian,ped_veh,agent_b_first,-2.1798,0.7004,2.5298,0.0,0.3163,0.2,0.3788,0.025406,380,1624,pedestrian
380,1627,lcv,pedestrian,ped_veh,agent_b_first,-1.4803,0.7504,2.2903,0.2001,3.0282,,0.27494,0.01844,380,1627,pedestrian
381,397,pedestrian,lcv,ped_veh,unresolved_conflict_zone,-0.8105,0.05,0.5482,0.0,1.0104,4.45,0.00047,3.2e-05,381,397,lcv
381,1714,pedestrian,motorcycle,ped_veh,agent_b_first,-23.1561,0.05,6.946,0.0,7.6209,,0.0,0.0,381,1714,motorcycle
393,399,lcv,pedestrian,ped_veh,agent_a_first,-0.4916,1.7009,0.1268,0.0,0.1933,0.05,0.91524,0.061383,393,399,pedestrian
393,401,lcv,pedestrian,ped_veh,agent_b_first,0.1307,0.9005,0.2044,0.0,0.2662,0.05,0.83088,0.055726,393,401,pedestrian
397,398,lcv,pedestrian,ped_veh,agent_a_first,0.8639,0.5003,0.6976,0.0,0.2995,,0.05673,0.003804,397,398,pedestrian
397,401,lcv,pedestrian,ped_veh,agent_a_first,1.9056,0.5503,1.4723,0.0,0.3183,,0.032,0.002146,397,401,pedestrian
397,404,lcv,pedestrian,ped_veh,unresolved_conflict_zone,-2.8027,0.1001,0.0688,0.2501,0.3417,,0.00104,7e-05,397,404,pedestrian
397,1612,lcv,pedestrian,ped_veh,agent_a_first,-16.8164,0.5003,1.4193,0.0,2.3488,1.0,0.00021,1.4e-05,397,1612,pedestrian
440,1859,pedestrian,car,ped_veh,unresolved_conflict_zone,-2.6192,0.3502,0.0731,0.0,1.0678,1.0,0.0,0.0,440,1859,car
482,487,pedestrian,lcv,ped_veh,agent_b_first,-0.9552,2.7015,2.3462,0.7004,0.9439,,0.19659,0.013185,482,487,lcv
482,492,pedestrian,lcv,ped_veh,agent_b_first,-1.4315,2.6515,1.2179,0.8004,1.1103,,0.13012,0.008727,482,492,lcv
482,497,pedestrian,lcv,ped_veh,agent_b_first,3.8292,3.1517,3.587,0.8505,1.1878,1.55,0.00782,0.000524,482,497,lcv
482,499,pedestrian,cyclist,ped_veh,agent_b_first,2.5444,1.0006,4.695,0.0,0.9763,5.9,0.0,0.0,482,499,cyclist
482,509,pedestrian,cyclist,ped_veh,agent_b_first,-2.2441,2.7515,4.5207,0.0,2.8021,1.55,8e-05,1.8e-05,482,509,cyclist
482,510,pedestrian,cyclist,ped_veh,agent_b_first,0.7344,0.4002,0.1831,0.7504,0.3788,0.9,0.02393,0.005232,482,510,cyclist
482,514,pedestrian,lcv,ped_veh,agent_b_first,-0.7498,1.751,0.0055,0.0,1.1663,0.1,0.14328,0.00961,482,514,lcv
482,517,pedestrian,lcv,ped_veh,agent_b_first,1.7069,2.0511,2.0443,0.0,1.9228,1.25,5e-05,3e-06,482,517,lcv
482,520,pedestrian,cyclist,ped_veh,agent_b_first,-0.14,1.4508,3.2028,0.05,2.4413,1.6,0.00229,0.0005,482,520,cyclist
482,525,pedestrian,cyclist,ped_veh,agent_b_first,-1.1258,1.3507,1.7959,0.0,0.7283,3.05,0.20355,0.044499,482,525,cyclist
482,539,pedestrian,lcv,ped_veh,unresolved_conflict_zone,-4.7592,0.2501,0.4389,0.0,1.5074,0.55,0.00628,0.000421,482,539,lcv
482,1951,pedestrian,cyclist,ped_veh,agent_b_first,-9.44,0.1001,1.0104,0.0,0.6797,,0.25592,0.055949,482,1951,cyclist
487,496,lcv,pedestrian,ped_veh,agent_b_first,-1.9151,1.5008,1.075,0.5503,0.6074,3.2,0.06416,0.004303,487,496,pedestrian
487,497,lcv,lcv,veh_veh,agent_b_first,-1.1692,1.2007,1.5336,0.0,0.3722,2.85,0.22792,0.008957,487,497,lcv
487,499,lcv,cyclist,cyc_veh,agent_b_first,-13.6433,0.1001,13.8417,0.0,2.0941,1.15,0.00055,3.5e-05,487,499,cyclist
487,1911,lcv,pedestrian,ped_veh,agent_a_first,1.8821,3.0017,5.0156,1.0506,1.2311,,0.2494,0.016727,487,1911,pedestrian
487,1930,lcv,pedestrian,ped_veh,agent_a_first,1.627,2.8516,2.8528,0.9505,1.2285,,0.32895,0.022062,487,1930,pedestrian
487,1943,lcv,pedestrian,ped_veh,agent_b_first,15.108,1.4508,2.6127,0.0,3.412,,0.0,0.0,487,1943,pedestrian
492,496,lcv,pedestrian,ped_veh,agent_b_first,-2.0732,1.3507,2.2765,0.5503,0.603,3.15,0.08049,0.005399,492,496,pedestrian
492,497,lcv,lcv,veh_veh,agent_b_first,-2.1515,1.0506,2.2865,0.0,0.3484,2.3,0.25671,0.010088,492,497,lcv
492,499,lcv,cyclist,cyc_veh,agent_b_first,-13.4935,0.1501,2.4492,0.0,2.3548,1.35,0.00024,1.5e-05,492,499,cyclist
492,1911,lcv,pedestrian,ped_veh,agent_a_first,2.0651,2.9016,3.7375,1.1506,1.4169,,0.17275,0.011586,492,1911,pedestrian
492,1930,lcv,pedestrian,ped_veh,agent_a_first,1.6133,2.8516,1.862,1.1006,1.4283,,0.23387,0.015685,492,1930,pedestrian
492,1943,lcv,pedestrian,ped_veh,agent_b_first,6.4649,1.0506,3.0781,0.0,3.5457,,0.0,0.0,492,1943,pedestrian
496,504,pedestrian,lcv,ped_veh,agent_a_first,-7.772,0.0,0.8642,0.0,1.3983,,0.00028,1.9e-05,496,504,lcv
496,509,pedestrian,cyclist,ped_veh,agent_a_first,-5.3658,1.0006,1.4169,0.0,0.9977,5.65,0.0,0.0,496,509,cyclist
496,510,pedestrian,cyclist,ped_veh,agent_a_first,-1.7368,1.0506,1.1819,0.0,1.3639,,0.0,0.0,496,510,cyclist
497,504,lcv,lcv,veh_veh,agent_a_first,-9.8662,0.0,0.7841,0.0,1.2995,,0.02017,0.000793,497,504,lcv
497,507,lcv,lcv,veh_veh,agent_b_first,-1.4756,0.2501,0.0506,0.0,0.5748,,0.01369,0.000538,497,507,lcv
497,510,lcv,cyclist,cyc_veh,unresolved_conflict_zone,-1.7169,0.1001,0.1227,0.0,0.9729,1.05,2e-05,1e-06,497,510,cyclist
497,1911,lcv,pedestrian,ped_veh,agent_a_first,-3.8816,2.8015,2.5936,0.9005,1.6562,1.1,0.09014,0.006045,497,1911,pedestrian
497,1930,lcv,pedestrian,ped_veh,agent_a_first,3.6367,3.0517,0.9746,0.9505,1.9659,1.2,0.04532,0.00304,497,1930,pedestrian
497,1945,lcv,pedestrian,ped_veh,unresolved_conflict_zone,1.5107,1.3507,0.0686,0.0,0.6986,4.1,0.0626,0.004198,497,1945,pedestrian
497,1953,lcv,pedestrian,ped_veh,agent_a_first,2.1873,0.8004,0.8113,0.0,0.6149,1.0,0.0,0.0,497,1953,pedestrian
499,510,cyclist,cyclist,cyc_veh,agent_b_first,3.5845,0.4002,0.5625,0.3002,0.4893,,0.16616,0.029383,499,510,cyclist
499,1757,cyclist,pedestrian,ped_veh,unresolved_conflict_zone,-1.6105,0.0,0.0657,0.0,0.9131,,1e-05,2e-06,499,1757,pedestrian
499,1911,cyclist,pedestrian,ped_veh,agent_a_first,-9.7661,1.0006,8.3902,0.0,1.1287,,0.0,0.0,499,1911,pedestrian
499,1930,cyclist,pedestrian,ped_veh,agent_a_first,-4.2159,1.0006,4.4249,0.0,1.0831,8.15,0.0,0.0,499,1930,pedestrian
499,1945,cyclist,pedestrian,ped_veh,agent_b_first,5.7493,0.0,0.9621,0.0,1.8644,,0.0,0.0,499,1945,pedestrian
499,1953,cyclist,pedestrian,ped_veh,agent_a_first,12.5304,0.0,0.0202,0.0,0.1501,0.05,0.53502,0.116964,499,1953,pedestrian
504,507,lcv,lcv,veh_veh,unresolved_conflict_zone,2.5958,0.6504,0.0531,0.0,0.2734,0.05,0.96578,0.037953,504,507,lcv
509,510,cyclist,cyclist,cyc_veh,agent_b_first,0.7571,1.1006,1.4416,0.2501,0.9372,,0.07348,0.012994,509,510,cyclist
509,518,cyclist,pedestrian,ped_veh,agent_b_first,-1.2827,0.8004,1.7388,0.1501,0.7917,0.35,0.00902,0.001971,509,518,pedestrian
509,525,cyclist,cyclist,cyc_veh,agent_b_first,2.156,0.1501,0.4792,0.0,1.372,,0.0,0.0,509,525,cyclist
509,1757,cyclist,pedestrian,ped_veh,agent_a_first,9.1897,0.1501,0.5798,0.2501,1.2838,,0.0,0.0,509,1757,pedestrian
509,1911,cyclist,pedestrian,ped_veh,agent_a_first,2.1991,2.7515,4.6709,0.0,3.4571,2.0,0.0,0.0,509,1911,pedestrian
509,1930,cyclist,pedestrian,ped_veh,agent_a_first,2.3444,2.7515,4.1455,0.0,3.013,1.85,0.0,0.0,509,1930,pedestrian
509,1953,cyclist,pedestrian,ped_veh,agent_b_first,-0.8755,0.4002,0.2513,0.0,0.2377,,0.50034,0.109382,509,1953,pedestrian
509,1954,cyclist,pedestrian,ped_veh,unresolved_conflict_zone,2.5475,0.05,0.038,0.05,0.7743,,0.00742,0.001622,509,1954,pedestrian
510,518,cyclist,pedestrian,ped_veh,agent_a_first,4.5117,0.0,0.8037,0.1001,0.562,,0.0,0.0,510,518,pedestrian
510,520,cyclist,cyclist,cyc_veh,unresolved_conflict_zone,-1.342,0.7504,0.0965,0.0,0.4869,2.3,0.03279,0.005799,510,520,cyclist
510,1757,cyclist,pedestrian,ped_veh,agent_a_first,1.8177,1.3507,0.3234,0.6504,0.3839,,0.0,0.0,510,1757,pedestrian
510,1870,cyclist,pedestrian,ped_veh,agent_a_first,2.6186,1.6509,5.9715,0.1001,2.1107,,0.0,0.0,510,1870,pedestrian
510,1882,cyclist,pedestrian,ped_veh,agent_a_first,-3.4553,2.5014,0.4103,0.0,2.2628,,0.0,0.0,510,1882,pedestrian
510,1911,cyclist,pedestrian,ped_veh,agent_a_first,-1.2451,1.751,1.6299,0.6003,1.1688,1.05,0.0025,0.000547,510,1911,pedestrian
510,1930,cyclist,pedestrian,ped_veh,agent_a_first,-0.8283,1.751,0.8538,0.6504,1.1381,1.05,0.0019,0.000416,510,1930,pedestrian
510,1949,cyclist,pedestrian,ped_veh,unresolved_conflict_zone,-0.0031,0.4502,0.0435,0.0,0.5867,1.5,0.00463,0.001012,510,1949,pedestrian
510,1951,cyclist,cyclist,cyc_veh,agent_a_first,-7.4091,0.05,1.5892,0.0,0.2976,,1e-05,2e-06,510,1951,cyclist
510,1954,cyclist,pedestrian,ped_veh,agent_b_first,-7.3236,0.1001,0.6275,0.0,0.4859,0.2,0.23514,0.051404,510,1954,pedestrian
514,525,lcv,cyclist,cyc_veh,unresolved_conflict_zone,0.47,1.3507,0.1743,0.0,0.687,0.15,0.08051,0.005136,514,525,cyclist
514,526,lcv,car,veh_veh,agent_a_first,-0.4036,1.4008,2.5476,0.0,1.0285,,0.22705,0.010821,514,526,car
514,1911,lcv,pedestrian,ped_veh,agent_a_first,-1.3625,1.4508,2.1845,0.0,1.1684,0.05,0.48148,0.032292,514,1911,pedestrian
514,1930,lcv,pedestrian,ped_veh,agent_a_first,-1.5363,0.0,0.5304,0.0,0.6961,0.05,0.13586,0.009112,514,1930,pedestrian
514,1951,lcv,cyclist,cyc_veh,agent_a_first,0.1528,0.4502,0.4454,0.0,0.3792,0.05,0.48485,0.030929,514,1951,cyclist
516,525,pedestrian,cyclist,ped_veh,agent_a_first,3.8677,0.6504,0.5255,0.0,1.4247,1.9,0.0,0.0,516,525,cyclist
516,526,pedestrian,car,ped_veh,agent_a_first,-0.7954,0.4002,1.6682,0.0,0.895,,0.06007,0.005828,516,526,car
516,1951,pedestrian,cyclist,ped_veh,agent_a_first,1.1294,0.5003,0.688,0.0,0.4433,0.7,0.00725,0.001585,516,1951,cyclist
517,526,lcv,car,veh_veh,agent_a_first,1.3778,0.5003,2.6986,0.0,0.8939,,0.2688,0.012811,517,526,car
517,1911,lcv,pedestrian,ped_veh,agent_a_first,-2.1467,0.1001,4.1818,0.0,1.1347,0.95,0.00496,0.000333,517,1911,pedestrian
517,1930,lcv,pedestrian,ped_veh,agent_a_first,-1.3311,0.05,4.0036,0.0,1.4234,1.05,0.00111,7.4e-05,517,1930,pedestrian
517,1951,lcv,cyclist,cyc_veh,agent_a_first,0.2822,0.5003,0.6967,0.1001,0.4031,0.05,0.25075,0.015995,517,1951,cyclist
518,520,pedestrian,cyclist,ped_veh,agent_a_first,3.265,0.2501,1.0083,0.0,1.5568,,0.0004,8.8e-05,518,520,cyclist
520,1911,cyclist,pedestrian,ped_veh,agent_a_first,0.8524,1.4508,5.5061,0.0,2.3673,2.2,0.0,0.0,520,1911,pedestrian
520,1930,cyclist,pedestrian,ped_veh,agent_a_first,0.7129,1.4508,4.1429,0.0,2.4274,1.95,2e-05,4e-06,520,1930,pedestrian
520,1949,cyclist,pedestrian,ped_veh,agent_b_first,1.2943,0.7504,0.1441,0.0,0.5785,0.45,0.13646,0.029832,520,1949,pedestrian
525,1882,cyclist,pedestrian,ped_veh,agent_b_first,-21.0386,0.05,1.6442,0.0,1.7902,1.25,0.0,0.0,525,1882,pedestrian
525,1911,cyclist,pedestrian,ped_veh,agent_a_first,0.003,1.5008,1.0651,0.0,0.9245,4.0,0.00669,0.001463,525,1911,pedestrian
525,1930,cyclist,pedestrian,ped_veh,agent_a_first,1.574,1.0006,1.7153,0.0,0.8782,3.45,0.00116,0.000254,525,1930,pedestrian
526,560,car,pedestrian,ped_veh,agent_a_first,-0.2228,3.702,1.2918,0.05,1.0147,1.6,0.2519,0.024438,526,560,pedestrian
526,570,car,pedestrian,ped_veh,agent_a_first,-4.1936,2.1512,0.6981,0.6003,3.3491,1.7,0.0,0.0,526,570,pedestrian
526,585,car,cyclist,cyc_veh,agent_a_first,-3.2185,0.1001,0.4258,0.0,0.928,,3e-05,2e-06,526,585,cyclist
526,588,car,pedestrian,ped_veh,agent_a_first,-2.8765,0.0,1.2846,0.0,0.9512,,0.0,0.0,526,588,pedestrian
526,1942,car,pedestrian,ped_veh,agent_a_first,-2.1199,1.6009,3.7151,0.0,3.585,1.25,0.00012,1.2e-05,526,1942,pedestrian
526,1951,car,cyclist,cyc_veh,agent_b_first,0.8394,0.5003,1.0059,0.0,2.3183,,4e-05,4e-06,526,1951,cyclist
526,2022,car,lcv,veh_veh,agent_a_first,-21.3547,0.1501,5.4867,1.0006,9.1158,1.65,0.0,0.0,526,2022,lcv
526,2053,car,lcv,veh_veh,agent_b_first,-0.2646,0.9505,0.782,0.0,0.278,0.05,0.37103,0.017683,526,2053,lcv
526,2071,car,pedestrian,ped_veh,agent_b_first,-0.5954,1.6009,0.4093,0.2501,0.3748,,0.31681,0.030734,526,2071,pedestrian
526,2086,car,pedestrian,ped_veh,agent_a_first,-1.5983,0.4502,5.065,0.4002,2.8262,2.0,0.0,0.0,526,2086,pedestrian
526,2100,car,car,veh_veh,unresolved_conflict_zone,-0.2077,0.2001,0.1357,0.0,0.868,,0.00093,5.6e-05,526,2100,car
526,2132,car,pedestrian,ped_veh,agent_a_first,-15.5045,0.4002,1.2069,0.1001,1.5308,,1e-05,1e-06,526,2132,pedestrian
539,1911,lcv,pedestrian,ped_veh,agent_b_first,5.3837,0.1001,1.2669,0.0,1.417,1.15,1e-05,1e-06,539,1911,pedestrian
559,567,cyclist,cyclist,cyc_veh,agent_a_first,2.2647,0.0,0.2267,0.2001,0.2426,0.6,3e-05,4e-06,559,567,cyclist
559,568,cyclist,pedestrian,ped_veh,agent_a_first,-1.9574,0.7004,0.4976,0.0,0.4847,,0.0,0.0,559,568,pedestrian
559,1911,cyclist,pedestrian,ped_veh,agent_a_first,1.1232,1.6509,2.9733,0.1001,2.8936,,0.016,0.003499,559,1911,pedestrian
559,1932,cyclist,pedestrian,ped_veh,agent_a_first,0.2471,1.5008,1.7126,0.1001,1.9351,,0.02652,0.005798,559,1932,pedestrian
559,1942,cyclist,pedestrian,ped_veh,agent_a_first,2.3829,0.6003,1.7664,0.4002,1.1782,,0.00737,0.001612,559,1942,pedestrian
559,1976,cyclist,cyclist,cyc_veh,unresolved_conflict_zone,1.2917,0.0,0.1591,0.0,1.1779,0.9,0.0,0.0,559,1976,cyclist
559,1979,cyclist,motorcycle,cyc_veh,agent_b_first,3.69,0.8505,1.2142,0.0,1.5782,,0.0,0.0,559,1979,motorcycle
559,2013,cyclist,pedestrian,ped_veh,unresolved_conflict_zone,-0.6196,0.05,0.0185,0.0,1.1032,,0.00027,5.9e-05,559,2013,pedestrian
559,2016,cyclist,lcv,cyc_veh,agent_a_first,1.2286,0.5503,1.6225,0.0,0.1814,0.05,0.40602,0.0259,559,2016,lcv
563,567,pedestrian,cyclist,ped_veh,agent_a_first,1.6858,0.0,0.0939,0.1001,0.1606,0.55,0.00228,0.000499,563,567,cyclist
563,1976,pedestrian,cyclist,ped_veh,unresolved_conflict_zone,4.2092,0.0,0.0826,0.0,0.6428,,0.0,0.0,563,1976,cyclist
567,1911,cyclist,pedestrian,ped_veh,agent_a_first,3.4218,0.3002,4.0525,0.0,0.4297,0.05,0.4398,0.096147,567,1911,pedestrian
570,585,pedestrian,cyclist,ped_veh,agent_b_first,-16.5672,0.3502,1.4414,0.0,3.734,,0.0,0.0,570,585,cyclist
570,604,pedestrian,cyclist,ped_veh,agent_b_first,-0.7342,4.8026,14.5469,1.801,1.786,4.2,3e-05,7e-06,570,604,cyclist
570,616,pedestrian,lcv,ped_veh,agent_b_first,-1.1957,0.0,1.2972,0.0,4.4196,1.0,2e-05,1e-06,570,616,lcv
570,2075,pedestrian,motorcycle,ped_veh,agent_b_first,2.3618,0.7504,3.702,0.2001,1.3998,,0.0,0.0,570,2075,motorcycle
570,2146,pedestrian,cyclist,ped_veh,agent_b_first,1.8588,2.9016,10.4084,2.2012,0.1707,1.95,0.12788,0.027956,570,2146,cyclist
582,604,pedestrian,cyclist,ped_veh,agent_b_first,-0.3788,1.6509,1.3067,2.2012,0.4265,1.25,0.00937,0.002048,582,604,cyclist
582,616,pedestrian,lcv,ped_veh,agent_a_first,-0.1336,0.8505,11.8722,0.0,1.1477,,0.00372,0.000249,582,616,lcv
582,630,pedestrian,motorcycle,ped_veh,agent_b_first,-2.0422,0.9505,1.9065,0.05,0.414,,0.06013,0.012105,582,630,motorcycle
582,2027,pedestrian,lcv,ped_veh,agent_b_first,-1.9454,0.3502,3.0539,1.3007,1.5414,,0.0,0.0,582,2027,lcv
582,2053,pedestrian,lcv,ped_veh,agent_b_first,-0.7814,0.9505,1.3373,0.0,1.9827,,0.00176,0.000118,582,2053,lcv
582,2146,pedestrian,cyclist,ped_veh,unresolved_conflict_zone,0.3643,0.8004,0.4414,0.0,0.3302,0.1,0.25507,0.055763,582,2146,cyclist
582,2160,pedestrian,motorcycle,ped_veh,agent_a_first,1.3317,0.3002,3.6158,0.2001,0.6989,,0.00017,3.4e-05,582,2160,motorcycle
585,1968,cyclist,pedestrian,ped_veh,agent_a_first,10.0501,0.5503,1.6236,0.0,1.603,0.9,0.0,0.0,585,1968,pedestrian
585,2047,cyclist,pedestrian,ped_veh,agent_b_first,-25.2317,0.3502,0.0371,0.0,0.791,,0.0,0.0,585,2047,pedestrian
585,2071,cyclist,pedestrian,ped_veh,agent_a_first,-2.5518,0.4502,0.2782,0.0,1.7854,1.75,0.0,0.0,585,2071,pedestrian
604,614,cyclist,pedestrian,ped_veh,agent_a_first,0.4832,0.5003,0.7628,0.2001,0.8497,,0.0,0.0,604,614,pedestrian
604,616,cyclist,lcv,cyc_veh,agent_b_first,-0.6459,0.7504,0.3142,0.0,0.4953,0.05,0.09154,0.005839,604,616,lcv
604,618,cyclist,pedestrian,ped_veh,agent_b_first,-0.8279,0.6504,0.7538,0.7504,0.4609,,0.07714,0.016864,604,618,pedestrian
604,628,cyclist,pedestrian,ped_veh,agent_b_first,-4.3971,0.4002,6.5261,0.0,1.9166,,0.0,0.0,604,628,pedestrian
604,629,cyclist,pedestrian,ped_veh,agent_b_first,0.7366,1.7009,1.7493,0.1001,1.8864,,0.0,0.0,604,629,pedestrian
604,637,cyclist,pedestrian,ped_veh,agent_b_first,-0.0077,0.1001,1.2719,0.1501,1.2941,,0.0,0.0,604,637,pedestrian
604,2027,cyclist,lcv,cyc_veh,unresolved_conflict_zone,-2.7564,0.4502,1.6615,0.0,1.3637,1.45,0.00193,0.000123,604,2027,lcv
604,2075,cyclist,motorcycle,cyc_veh,agent_b_first,-0.6096,1.5509,2.8913,0.2501,2.9328,,0.0,0.0,604,2075,motorcycle
604,2126,cyclist,pedestrian,ped_veh,agent_b_first,4.1597,0.2001,0.0514,0.1001,0.8472,,0.0,0.0,604,2126,pedestrian
604,2140,cyclist,motorcycle,cyc_veh,agent_b_first,-0.5479,0.5003,4.6404,0.2001,2.7309,,0.0,0.0,604,2140,motorcycle
604,2142,cyclist,pedestrian,ped_veh,agent_b_first,-7.1589,0.2501,2.6496,0.0,1.4323,3.9,0.0,0.0,604,2142,pedestrian
604,2158,cyclist,pedestrian,ped_veh,agent_b_first,0.5303,0.4502,9.3063,0.05,1.7784,,0.0,0.0,604,2158,pedestrian
604,2160,cyclist,motorcycle,cyc_veh,agent_b_first,-2.9419,0.0,0.0216,0.0,1.0124,,0.0,0.0,604,2160,motorcycle
604,2206,cyclist,pedestrian,ped_veh,agent_b_first,44.2991,0.05,0.1916,0.0,2.0291,1.75,0.0,0.0,604,2206,pedestrian
604,2207,cyclist,pedestrian,ped_veh,agent_b_first,-3.8349,0.1001,0.935,0.0,1.5136,,0.0,0.0,604,2207,pedestrian
604,2233,cyclist,pedestrian,ped_veh,agent_a_first,-2.3743,0.0,1.17,0.0,0.5486,,0.0,0.0,604,2233,pedestrian
614,2075,pedestrian,motorcycle,ped_veh,agent_b_first,2.5904,0.7004,2.9544,0.1001,3.1551,0.5,0.0,0.0,614,2075,motorcycle
614,2146,pedestrian,cyclist,ped_veh,unresolved_conflict_zone,1.9118,0.0,0.0249,0.6504,0.9734,,0.00037,8.1e-05,614,2146,cyclist
616,630,lcv,motorcycle,veh_veh,agent_a_first,-2.0292,0.0,0.762,0.0,1.0324,0.45,6e-05,4e-06,616,630,motorcycle
616,637,lcv,pedestrian,ped_veh,agent_b_first,5.7597,0.4502,2.0514,0.0,6.8086,0.35,5e-05,3e-06,616,637,pedestrian
616,2027,lcv,lcv,veh_veh,unresolved_conflict_zone,-0.3968,4.0022,0.7955,0.0,0.4049,0.05,0.04214,0.001656,616,2027,lcv
616,2142,lcv,pedestrian,ped_veh,agent_a_first,0.3452,0.2501,0.1032,0.0,0.4785,0.4,0.09994,0.006703,616,2142,pedestrian
616,2146,lcv,cyclist,cyc_veh,agent_a_first,1.0954,0.5003,2.5175,0.0,0.6705,3.2,0.00026,1.7e-05,616,2146,cyclist
616,2160,lcv,motorcycle,veh_veh,agent_b_first,-4.4212,1.801,1.001,0.0,1.569,0.7,0.02097,0.001316,616,2160,motorcycle
616,2207,lcv,pedestrian,ped_veh,agent_a_first,-3.408,0.0,0.1318,0.0,0.524,0.35,1e-05,1e-06,616,2207,pedestrian
616,2233,lcv,pedestrian,ped_veh,agent_a_first,-6.2867,0.1001,0.6127,0.0,0.601,0.5,4e-05,3e-06,616,2233,pedestrian
618,630,pedestrian,motorcycle,ped_veh,agent_a_first,1.2266,0.0,0.5287,0.0,1.0547,1.3,0.0,0.0,618,630,motorcycle
618,2027,pedestrian,lcv,ped_veh,agent_b_first,-1.2881,0.5503,0.6034,0.5003,0.5968,3.2,0.00429,0.000288,618,2027,lcv
618,2146,pedestrian,cyclist,ped_veh,agent_a_first,1.3518,0.7504,2.9618,0.3002,0.643,2.9,0.0,0.0,618,2146,cyclist
618,2160,pedestrian,motorcycle,ped_veh,agent_b_first,-0.2045,1.801,0.3605,0.0,1.6805,0.95,0.0,0.0,618,2160,motorcycle
628,2027,pedestrian,lcv,ped_veh,agent_a_first,0.0944,0.5503,2.798,0.0,2.1403,,0.07842,0.005259,628,2027,lcv
628,2146,pedestrian,cyclist,ped_veh,agent_a_first,5.5845,0.7004,4.5833,0.0,3.9291,,0.0,0.0,628,2146,cyclist
628,2160,pedestrian,motorcycle,ped_veh,agent_b_first,-3.4912,1.851,1.3224,0.0,1.5322,2.75,0.0,0.0,628,2160,motorcycle
629,2027,pedestrian,lcv,ped_veh,unresolved_conflict_zone,1.088,0.2501,0.2544,0.1001,0.3669,0.55,0.10295,0.006905,629,2027,lcv
629,2160,pedestrian,motorcycle,ped_veh,agent_a_first,25.5681,0.0,1.0585,0.0,2.8379,2.25,0.0,0.0,629,2160,motorcycle
630,2027,motorcycle,lcv,veh_veh,agent_a_first,-1.5734,0.1001,0.9818,0.0,1.1895,2.0,4e-05,2e-06,630,2027,lcv
630,2142,motorcycle,pedestrian,ped_veh,agent_a_first,2.1822,1.5008,0.7282,0.0,1.0057,0.65,0.0,0.0,630,2142,pedestrian
637,2027,pedestrian,lcv,ped_veh,agent_b_first,-2.6022,0.5503,2.4976,0.1501,0.2175,0.1,0.32783,0.021987,637,2027,lcv
673,678,pedestrian,truck,ped_veh,agent_a_first,0.7785,1.0006,0.8824,0.0,0.74,0.95,0.00041,2.3e-05,673,678,truck
673,680,pedestrian,lcv,ped_veh,agent_a_first,0.1335,1.0506,0.4021,0.0,0.7017,,0.39735,0.026649,673,680,lcv
678,680,truck,lcv,veh_veh,agent_b_first,-1.5623,0.7504,1.3689,0.0,2.1462,1.65,0.03255,0.001145,678,680,lcv
678,682,truck,pedestrian,ped_veh,agent_b_first,-2.08,0.4502,1.211,0.0,0.686,,0.13338,0.007447,678,682,pedestrian
678,685,truck,cyclist,cyc_veh,agent_b_first,-1.8713,0.8004,1.6027,0.0,0.5649,,0.04006,0.002146,678,685,cyclist
678,686,truck,pedestrian,ped_veh,agent_b_first,-2.1194,0.8004,2.009,0.0,0.5626,,0.03073,0.001716,678,686,pedestrian
680,2260,lcv,pedestrian,ped_veh,agent_a_first,-2.5786,0.5003,0.1372,0.0,0.2786,,0.00348,0.000234,680,2260,pedestrian
680,2261,lcv,pedestrian,ped_veh,unresolved_conflict_zone,-5.4989,0.0,0.009,0.0,1.4697,,0.04838,0.003244,680,2261,pedestrian
680,2280,lcv,pedestrian,ped_veh,agent_a_first,3.6604,0.05,0.1277,0.05,0.3605,,1e-05,0.0,680,2280,pedestrian
680,2296,lcv,pedestrian,ped_veh,agent_b_first,-1.5508,0.9005,1.0129,0.0,0.7585,0.05,0.09185,0.00616,680,2296,pedestrian
680,2314,lcv,pedestrian,ped_veh,agent_b_first,3.0031,0.1001,1.0332,0.0,0.2296,0.05,0.13839,0.009282,680,2314,pedestrian
721,724,pedestrian,lcv,ped_veh,agent_b_first,-2.6721,0.7504,4.5468,0.0,2.6661,,1e-05,0.0,721,724,lcv
721,732,pedestrian,lcv,ped_veh,agent_b_first,-5.8228,0.9005,6.5087,1.1006,2.8857,1.5,0.0,0.0,721,732,lcv
721,733,pedestrian,lcv,ped_veh,agent_b_first,-7.1767,0.8004,4.0823,0.8505,2.1386,1.75,0.0,0.0,721,733,lcv
721,2352,pedestrian,lcv,ped_veh,agent_b_first,-3.0065,0.05,0.8044,0.0,0.8334,,0.00076,5.1e-05,721,2352,lcv
724,2263,lcv,pedestrian,ped_veh,agent_a_first,3.9822,0.9505,8.4186,0.0,6.7394,,2e-05,1e-06,724,2263,pedestrian
724,2287,lcv,pedestrian,ped_veh,agent_a_first,0.2464,1.0506,6.7624,0.0,6.7129,,0.0,0.0,724,2287,pedestrian
724,2331,lcv,pedestrian,ped_veh,agent_a_first,-6.0091,0.5503,8.8685,0.0,5.0868,,0.0,0.0,724,2331,pedestrian
724,2351,lcv,pedestrian,ped_veh,agent_b_first,-0.1226,0.3502,0.7281,0.0,0.8187,1.1,0.08384,0.005623,724,2351,pedestrian
724,2352,lcv,lcv,veh_veh,unresolved_conflict_zone,4.1716,0.0,0.6104,0.0,0.4303,,0.04115,0.001617,724,2352,lcv
727,732,auto_rickshaw,lcv,veh_veh,unresolved_conflict_zone,0.4748,0.05,0.2566,0.0,2.675,,0.0,0.0,727,732,lcv
727,733,auto_rickshaw,lcv,veh_veh,unresolved_conflict_zone,2.9036,0.0,0.5481,0.0,2.6784,,0.0,0.0,727,733,lcv
732,733,lcv,lcv,veh_veh,unresolved_conflict_zone,-0.8738,0.3002,0.7197,0.0,0.3508,0.15,0.85542,0.033616,732,733,lcv
732,735,lcv,pedestrian,ped_veh,agent_a_first,-10.9181,0.1501,1.7403,0.0,0.9348,,0.0,0.0,732,735,pedestrian
732,736,lcv,car,veh_veh,agent_a_first,-44.35,0.5503,0.9311,0.0,1.1086,0.05,0.33952,0.016181,732,736,car
732,2263,lcv,pedestrian,ped_veh,agent_a_first,-1.6316,2.8516,4.7615,1.1006,4.5792,1.1,0.00037,2.5e-05,732,2263,pedestrian
732,2287,lcv,pedestrian,ped_veh,agent_a_first,5.133,0.9505,8.0073,0.8004,4.508,1.5,0.0,0.0,732,2287,pedestrian
732,2331,lcv,pedestrian,ped_veh,agent_a_first,2.1269,2.6014,33.4164,0.4002,2.5688,1.65,0.0,0.0,732,2331,pedestrian
733,735,lcv,pedestrian,ped_veh,agent_a_first,3.2308,0.3002,11.2073,0.05,0.9304,,0.0,0.0,733,735,pedestrian
733,736,lcv,car,veh_veh,agent_a_first,-48.6908,0.5503,1.4072,0.0,1.1514,0.45,0.06678,0.003183,733,736,car
733,2263,lcv,pedestrian,ped_veh,agent_a_first,1.0017,2.5514,5.5962,0.8505,1.5754,1.55,0.00067,4.5e-05,733,2263,pedestrian
733,2287,lcv,pedestrian,ped_veh,agent_a_first,5.6734,0.7504,6.0285,0.7504,3.628,1.55,0.0,0.0,733,2287,pedestrian
733,2331,lcv,pedestrian,ped_veh,agent_a_first,2.5198,0.3002,32.6051,0.2501,2.333,1.7,0.0,0.0,733,2331,pedestrian
757,762,lcv,pedestrian,ped_veh,agent_a_first,-4.1429,2.9516,5.4741,0.0,2.7261,3.0,0.0,0.0,757,762,pedestrian
757,771,lcv,car,veh_veh,agent_b_first,0.5696,1.3007,1.5527,0.0,1.806,,0.01087,0.000518,757,771,car
757,780,lcv,cyclist,cyc_veh,agent_a_first,-0.629,1.3507,1.5716,0.0,2.3201,,0.0,0.0,757,780,cyclist
757,2418,lcv,car,veh_veh,agent_b_first,1.058,1.2007,1.8119,0.3502,2.0033,1.05,0.01057,0.000504,757,2418,car
757,2422,lcv,cyclist,cyc_veh,agent_a_first,2.7673,0.0,0.2056,0.0,1.1301,,0.00025,1.6e-05,757,2422,cyclist
759,771,pedestrian,car,ped_veh,agent_b_first,-3.685,1.3007,0.5857,0.0,0.9407,2.1,0.00099,9.6e-05,759,771,car
759,780,pedestrian,cyclist,ped_veh,agent_b_first,-1.1427,0.0,10.7228,0.0,2.2985,,0.0,0.0,759,780,cyclist
759,787,pedestrian,motorcycle,ped_veh,unresolved_conflict_zone,3.2265,0.0,0.4449,0.0,0.8296,0.45,0.05252,0.010573,759,787,motorcycle
759,2418,pedestrian,car,ped_veh,agent_b_first,0.9862,1.4508,0.5454,0.4502,0.1527,0.5,0.00528,0.000512,759,2418,car
759,2422,pedestrian,cyclist,ped_veh,agent_a_first,2.1544,0.0,0.9626,0.0,0.4674,,0.0,0.0,759,2422,cyclist
762,780,pedestrian,cyclist,ped_veh,agent_b_first,0.7718,4.0522,8.3967,1.3007,2.0691,,0.01143,0.002498,762,780,cyclist
762,781,pedestrian,cyclist,ped_veh,agent_b_first,0.2692,4.1523,10.9491,1.4008,4.9186,,0.00086,0.000189,762,781,cyclist
762,811,pedestrian,car,ped_veh,agent_b_first,-6.0059,2.8516,11.8518,0.0,11.081,0.85,0.0,0.0,762,811,car
762,2418,pedestrian,car,ped_veh,agent_b_first,-4.955,3.0017,11.7392,0.0,6.3085,7.65,0.0,0.0,762,2418,car
762,2444,pedestrian,truck,ped_veh,agent_b_first,-0.8709,2.9516,7.5439,0.0,6.8228,2.6,0.0,0.0,762,2444,truck
770,771,pedestrian,car,ped_veh,agent_b_first,-0.7657,1.1506,1.9993,0.0,1.3351,,0.0,0.0,770,771,car
770,780,pedestrian,cyclist,ped_veh,unresolved_conflict_zone,0.7129,0.9505,0.2007,0.0,1.4342,,0.0,0.0,770,780,cyclist
770,781,pedestrian,cyclist,ped_veh,agent_b_first,-0.7254,0.0,0.817,0.0,0.4285,,0.00375,0.00082,770,781,cyclist
771,2404,car,pedestrian,ped_veh,agent_a_first,1.7539,1.1506,3.6959,0.1001,2.2664,,0.00013,1.3e-05,771,2404,pedestrian
777,780,pedestrian,cyclist,ped_veh,agent_a_first,1.8177,0.0,1.2607,0.0,1.8686,,0.00044,9.6e-05,777,780,cyclist
777,781,pedestrian,cyclist,ped_veh,unresolved_conflict_zone,2.0371,0.05,0.0538,0.0,0.46,,0.00087,0.000191,777,781,cyclist
780,787,cyclist,motorcycle,cyc_veh,agent_b_first,0.0986,1.2007,1.4582,0.0,1.5362,,0.0,0.0,780,787,motorcycle
780,793,cyclist,pedestrian,ped_veh,agent_a_first,1.3646,0.5503,0.5632,0.0,0.7062,1.5,3e-05,7e-06,780,793,pedestrian
780,2265,cyclist,pedestrian,ped_veh,agent_a_first,-1.8665,0.3002,1.0311,0.9005,1.1806,,0.0,0.0,780,2265,pedestrian
780,2267,cyclist,pedestrian,ped_veh,agent_a_first,-2.9319,1.3007,1.2139,0.1501,1.5393,,0.0,0.0,780,2267,pedestrian
780,2394,cyclist,pedestrian,ped_veh,agent_b_first,0.2285,0.1001,1.0298,0.3002,0.782,,0.00015,3.3e-05,780,2394,pedestrian
780,2404,cyclist,pedestrian,ped_veh,agent_b_first,-0.3075,0.4502,0.9382,0.9005,0.6172,,0.00253,0.000553,780,2404,pedestrian
780,2405,cyclist,pedestrian,ped_veh,agent_a_first,1.5166,0.1001,0.9957,0.5503,0.7186,,0.0,0.0,780,2405,pedestrian
781,785,cyclist,pedestrian,ped_veh,agent_a_first,-0.5889,1.4508,2.1453,0.0,1.0031,,0.00116,0.000253,781,785,pedestrian
781,791,cyclist,pedestrian,ped_veh,agent_b_first,0.2495,2.2512,2.1947,0.2001,3.5929,2.15,0.0,0.0,781,791,pedestrian
781,798,cyclist,pedestrian,ped_veh,agent_a_first,-15.9273,1.6509,5.7748,0.5003,2.143,,0.0,1e-06,781,798,pedestrian
781,2265,cyclist,pedestrian,ped_veh,agent_a_first,-2.684,0.2001,0.8747,0.4002,1.2432,1.15,0.0,0.0,781,2265,pedestrian
781,2267,cyclist,pedestrian,ped_veh,agent_b_first,8.1943,0.0,0.5123,0.1501,1.5095,,0.0,0.0,781,2267,pedestrian
781,2395,cyclist,pedestrian,ped_veh,agent_a_first,2.905,0.4502,3.1952,0.0,2.1079,,0.0,0.0,781,2395,pedestrian
781,2404,cyclist,pedestrian,ped_veh,agent_a_first,-0.2101,0.4502,0.121,0.6504,0.294,3.85,5e-05,1e-05,781,2404,pedestrian
785,787,pedestrian,motorcycle,ped_veh,agent_b_first,1.0084,1.1006,1.8565,0.0,1.4307,1.25,0.0,0.0,785,787,motorcycle
798,811,pedestrian,car,ped_veh,agent_b_first,-6.7689,0.4502,1.6244,0.0,5.2668,0.85,0.0,0.0,798,811,car
798,2444,pedestrian,truck,ped_veh,agent_b_first,-0.3065,1.0506,8.9058,0.0,6.7651,3.0,0.0,0.0,798,2444,truck
803,2444,pedestrian,truck,ped_veh,agent_b_first,-4.8951,0.7504,6.1741,0.0,3.2651,0.65,0.0,0.0,803,2444,truck
803,2456,pedestrian,car,ped_veh,agent_b_first,6.6936,1.6509,1.1638,0.0,3.2125,,0.0,0.0,803,2456,car
807,860,pedestrian,lcv,ped_veh,agent_b_first,1.8708,2.0511,1.1799,0.7004,1.4647,0.35,0.22894,0.015355,807,860,lcv
807,868,pedestrian,lcv,ped_veh,agent_b_first,-0.6409,1.5509,0.8867,0.0,0.5547,,0.30194,0.020251,807,868,lcv
807,890,pedestrian,lcv,ped_veh,agent_b_first,3.8228,1.4508,2.4273,0.9505,2.971,0.7,0.49334,0.033088,807,890,lcv
807,897,pedestrian,car,ped_veh,agent_a_first,-0.379,2.0511,0.7609,0.0,2.2845,1.6,0.0,0.0,807,897,car
807,899,pedestrian,lcv,ped_veh,unresolved_conflict_zone,0.551,0.1501,0.1277,0.0,1.1744,,0.17303,0.011605,807,899,lcv
807,902,pedestrian,car,ped_veh,agent_b_first,1.3917,1.7009,1.2665,0.3502,1.0111,2.45,0.00048,4.6e-05,807,902,car
807,907,pedestrian,truck,ped_veh,agent_b_first,0.0162,1.3507,0.9539,0.05,0.9615,,0.00752,0.00042,807,907,truck
807,2444,pedestrian,truck,ped_veh,agent_a_first,0.1788,4.6025,8.0525,0.0,2.6526,2.1,0.0,0.0,807,2444,truck
841,2407,car,pedestrian,ped_veh,agent_b_first,0.5377,0.2001,0.5298,0.5503,0.7636,0.7,0.0,0.0,841,2407,pedestrian
841,2439,car,pedestrian,ped_veh,agent_b_first,-7.838,0.0,0.8539,0.0,1.6269,,0.0,0.0,841,2439,pedestrian
841,2444,car,truck,veh_veh,agent_a_first,2.8078,3.3518,2.0928,0.4002,0.7456,0.15,0.00426,0.000178,841,2444,truck
841,2456,car,car,veh_veh,unresolved_conflict_zone,0.4904,0.05,0.3524,0.4502,0.4584,0.15,0.00779,0.000472,841,2456,car
860,867,lcv,pedestrian,ped_veh,agent_a_first,2.0373,0.6504,5.8807,0.2501,4.3376,,0.03178,0.002132,860,867,pedestrian
860,869,lcv,pedestrian,ped_veh,agent_a_first,-7.2547,0.5003,0.3606,0.2001,0.6975,,0.03525,0.002364,860,869,pedestrian
860,2478,lcv,pedestrian,ped_veh,agent_a_first,-6.5006,1.9511,1.9483,0.2501,1.6003,,0.0752,0.005044,860,2478,pedestrian
867,868,pedestrian,lcv,ped_veh,agent_a_first,1.3974,0.6504,0.2282,0.3002,1.3606,,0.02337,0.001567,867,868,lcv
867,890,pedestrian,lcv,ped_veh,agent_b_first,-1.5664,0.6003,2.5696,0.0,0.5116,1.0,0.03427,0.002298,867,890,lcv
867,897,pedestrian,car,ped_veh,agent_b_first,5.1419,1.5008,0.0777,1.4008,1.4502,7.35,0.00018,1.7e-05,867,897,car
867,899,pedestrian,lcv,ped_veh,agent_b_first,-0.7017,2.1512,3.7058,0.4502,1.5049,1.2,0.02252,0.001511,867,899,lcv
867,902,pedestrian,car,ped_veh,agent_b_first,-5.1398,0.1501,1.6473,0.0,0.758,0.8,0.0,0.0,867,902,car
867,907,pedestrian,truck,ped_veh,agent_b_first,1.987,0.1501,1.1492,0.0,2.3635,1.35,0.00033,1.9e-05,867,907,truck
867,919,pedestrian,cyclist,ped_veh,agent_b_first,-2.9124,1.3507,5.0781,0.0,3.5788,,0.0,0.0,867,919,cyclist
867,920,pedestrian,lcv,ped_veh,agent_b_first,-4.4923,0.8004,2.3341,0.0,1.1797,1.0,0.0,0.0,867,920,lcv
867,2507,pedestrian,car,ped_veh,agent_b_first,-2.8366,0.8004,2.4837,0.05,2.6149,,1e-05,1e-06,867,2507,car
868,869,lcv,pedestrian,ped_veh,agent_a_first,-3.6381,0.5003,0.5698,0.1501,0.7327,,0.01744,0.001169,868,869,pedestrian
868,873,lcv,pedestrian,ped_veh,agent_b_first,-0.4004,1.7009,0.9218,0.0,1.3888,,0.00016,1.1e-05,868,873,pedestrian
868,2478,lcv,pedestrian,ped_veh,agent_a_first,-3.1508,0.7004,0.4162,0.4502,0.9145,,0.06325,0.004242,868,2478,pedestrian
870,890,pedestrian,lcv,ped_veh,agent_b_first,0.2627,0.2501,4.2103,0.05,4.0675,0.95,0.00181,0.000121,870,890,lcv
870,897,pedestrian,car,ped_veh,agent_b_first,-0.6739,3.2018,5.2076,1.7009,2.8025,4.0,0.0,0.0,870,897,car
870,899,pedestrian,lcv,ped_veh,agent_b_first,0.2526,2.6014,1.4781,0.0,3.4487,,0.00085,5.7e-05,870,899,lcv
870,902,pedestrian,car,ped_veh,agent_b_first,-4.6208,0.9505,10.1267,0.0,0.7557,0.6,0.00399,0.000387,870,902,car
870,907,pedestrian,truck,ped_veh,agent_a_first,-0.3263,0.6003,10.1097,0.0,2.0377,1.7,0.02443,0.001364,870,907,truck
870,920,pedestrian,lcv,ped_veh,agent_b_first,-26.5762,0.1001,1.7402,0.0,1.8427,0.7,0.0021,0.000141,870,920,lcv
873,890,pedestrian,lcv,ped_veh,agent_a_first,3.3857,0.3002,0.4244,0.0,1.6726,1.3,0.02359,0.001582,873,890,lcv
875,897,pedestrian,car,ped_veh,agent_b_first,1.2529,2.9516,5.2035,1.7009,2.799,,0.0,0.0,875,897,car
875,899,pedestrian,lcv,ped_veh,agent_b_first,2.1781,2.6014,1.8384,0.0,3.7313,,0.00017,1.1e-05,875,899,lcv
875,902,pedestrian,car,ped_veh,agent_b_first,-8.5947,0.1501,7.7694,0.0,1.5802,0.65,0.00091,8.8e-05,875,902,car
875,907,pedestrian,truck,ped_veh,agent_a_first,1.3503,0.6003,101.4687,0.0,2.0019,1.65,0.00915,0.000511,875,907,truck
875,920,pedestrian,lcv,ped_veh,unresolved_conflict_zone,-15.5263,0.0,0.9157,0.0,3.3665,0.75,0.00019,1.2e-05,875,920,lcv
890,2480,lcv,pedestrian,ped_veh,agent_a_first,-0.1905,0.5503,0.8445,0.0,1.6029,1.35,0.00472,0.000317,890,2480,pedestrian
891,897,pedestrian,car,ped_veh,agent_a_first,-1.6485,2.6515,0.5528,1.2007,1.6782,,0.0,0.0,891,897,car
897,899,car,lcv,veh_veh,agent_b_first,1.1892,2.6014,1.2767,0.9005,1.749,,0.0,0.0,897,899,lcv
897,914,car,pedestrian,ped_veh,agent_b_first,-2.1177,0.1001,1.7067,0.0,1.9915,,4e-05,3e-06,897,914,pedestrian
897,919,car,cyclist,cyc_veh,agent_b_first,-1.2353,0.8004,0.7727,0.1001,0.8978,0.95,0.0,0.0,897,919,cyclist
897,2480,car,pedestrian,ped_veh,agent_b_first,0.7455,1.0006,0.2523,0.0,1.525,,0.0,0.0,897,2480,pedestrian
897,2521,car,pedestrian,ped_veh,agent_b_first,-3.5066,0.6504,8.0564,0.0,3.6806,,0.0,0.0,897,2521,pedestrian
899,2480,lcv,pedestrian,ped_veh,agent_a_first,0.5063,0.8505,6.2513,0.3502,3.2807,,0.00454,0.000305,899,2480,pedestrian
907,914,truck,pedestrian,ped_veh,agent_a_first,0.2873,0.1501,1.0858,0.0,1.3084,1.15,0.00017,9e-06,907,914,pedestrian
914,919,pedestrian,cyclist,ped_veh,agent_b_first,-36.9596,0.05,4.1132,0.0,3.5286,,0.0,0.0,914,919,cyclist
914,920,pedestrian,lcv,ped_veh,agent_b_first,-15.3081,0.0,0.3116,0.0,1.0971,0.75,0.0,0.0,914,920,lcv
920,2521,lcv,pedestrian,ped_veh,agent_b_first,-1.4249,0.6504,0.8664,0.0,0.7553,,0.03817,0.00256,920,2521,pedestrian
929,944,lcv,pedestrian,ped_veh,agent_b_first,-0.4262,1.6009,0.4205,0.0,0.7834,,0.07745,0.005195,929,944,pedestrian
929,947,lcv,pedestrian,ped_veh,agent_b_first,-1.0872,0.1501,0.9512,0.1501,0.776,,0.00377,0.000253,929,947,pedestrian
929,2484,lcv,pedestrian,ped_veh,agent_a_first,-7.7434,1.0506,0.5492,0.0,1.3642,1.1,0.0,0.0,929,2484,pedestrian
929,2526,lcv,pedestrian,ped_veh,agent_b_first,0.5469,0.3502,0.3024,0.0,0.1973,0.05,0.8434,0.056565,929,2526,pedestrian
929,2551,lcv,pedestrian,ped_veh,unresolved_conflict_zone,0.2113,1.0506,0.0179,0.0,0.0366,0.05,0.98875,0.066314,929,2551,pedestrian
929,2557,lcv,pedestrian,ped_veh,agent_a_first,9.2731,0.9505,1.6225,0.0,3.4233,1.05,1e-05,0.0,929,2557,pedestrian
929,2607,lcv,pedestrian,ped_veh,agent_b_first,0.5275,1.0506,0.6177,0.3002,0.6547,1.3,0.06312,0.004234,929,2607,pedestrian
929,2610,lcv,pedestrian,ped_veh,agent_b_first,1.6618,1.0506,0.2816,0.4502,0.6311,0.9,0.15559,0.010435,929,2610,pedestrian
929,2611,lcv,lcv,veh_veh,agent_a_first,0.4392,0.1501,7.3369,0.5003,0.9054,0.55,0.30003,0.01179,929,2611,lcv
929,2616,lcv,pedestrian,ped_veh,agent_a_first,-0.7819,0.3502,4.9047,0.0,2.564,1.25,0.0,0.0,929,2616,pedestrian
929,2619,lcv,lcv,veh_veh,unresolved_conflict_zone,0.588,0.8004,0.0227,0.0,0.7471,,0.31472,0.012368,929,2619,lcv
940,953,pedestrian,auto_rickshaw,ped_veh,agent_b_first,3.0383,1.5008,3.0192,0.05,3.9648,0.95,0.0,0.0,940,953,auto_rickshaw
940,956,pedestrian,lcv,ped_veh,agent_a_first,0.2626,1.5008,0.6838,0.6504,1.033,,0.00368,0.000247,940,956,lcv
940,960,pedestrian,cyclist,ped_veh,agent_a_first,-2.2961,0.1501,1.6718,0.0,1.9342,,0.0,0.0,940,960,cyclist
940,969,pedestrian,motorcycle,ped_veh,agent_a_first,15.2789,0.1001,2.3293,0.0,2.9727,,0.0,0.0,940,969,motorcycle
940,970,pedestrian,car,ped_veh,unresolved_conflict_zone,-3.0162,0.4502,0.1076,0.0,0.7296,1.95,0.00038,3.7e-05,940,970,car
940,2510,pedestrian,car,ped_veh,agent_a_first,1.2032,1.0506,4.5807,0.0,1.5032,2.1,0.0,0.0,940,2510,car
940,2539,pedestrian,lcv,ped_veh,unresolved_conflict_zone,-2.8207,0.2501,0.8772,2.0511,1.0017,1.8,0.00514,0.000345,940,2539,lcv
940,2611,pedestrian,lcv,ped_veh,unresolved_conflict_zone,0.0818,0.1501,1.0858,0.0,0.2419,0.05,0.96321,0.064601,940,2611,lcv
940,2619,pedestrian,lcv,ped_veh,agent_b_first,-1.5026,0.6003,0.6132,0.0,0.2654,0.05,0.48818,0.032742,940,2619,lcv
944,951,pedestrian,cyclist,ped_veh,agent_a_first,2.1596,0.1501,0.4698,0.0,0.6456,,3e-05,6e-06,944,951,cyclist
944,956,pedestrian,lcv,ped_veh,unresolved_conflict_zone,0.7053,1.0006,0.4004,0.0,0.7605,1.05,0.00184,0.000123,944,956,lcv
944,959,pedestrian,motorcycle,ped_veh,agent_a_first,0.9638,0.5503,1.6677,0.0,2.1061,,0.0,0.0,944,959,motorcycle
944,2611,pedestrian,lcv,ped_veh,agent_a_first,0.4382,2.2012,0.9969,0.0,0.4025,,0.31897,0.021393,944,2611,lcv
945,956,pedestrian,lcv,ped_veh,agent_a_first,0.8002,0.4502,0.4976,0.0,0.3973,0.05,0.73503,0.049297,945,956,lcv
945,959,pedestrian,motorcycle,ped_veh,agent_a_first,0.4462,0.5503,0.933,0.05,0.4953,,1e-05,3e-06,945,959,motorcycle
945,960,pedestrian,cyclist,ped_veh,agent_a_first,-6.0413,0.7504,1.3082,0.0,2.1605,0.35,0.0,0.0,945,960,cyclist
945,2539,pedestrian,lcv,ped_veh,unresolved_conflict_zone,-4.6773,1.6009,0.105,0.0,2.6466,0.45,0.05566,0.003733,945,2539,lcv
945,2611,pedestrian,lcv,ped_veh,agent_a_first,0.3914,1.5509,0.9581,0.0,0.0349,0.05,0.93195,0.062504,945,2611,lcv
947,2510,pedestrian,car,ped_veh,agent_a_first,14.8748,0.2001,4.8194,0.0,3.484,0.7,0.0261,0.002532,947,2510,car
951,2526,cyclist,pedestrian,ped_veh,agent_a_first,2.4411,0.4502,0.6944,0.05,0.4242,0.7,0.0,0.0,951,2526,pedestrian
951,2611,cyclist,lcv,cyc_veh,agent_b_first,-0.1606,1.1506,0.3404,0.0,0.7632,0.75,0.15151,0.009665,951,2611,lcv
953,963,auto_rickshaw,pedestrian,ped_veh,agent_a_first,-4.7473,0.2001,2.1788,0.2501,5.7054,,0.0,0.0,953,963,pedestrian
953,973,auto_rickshaw,pedestrian,ped_veh,agent_a_first,1.556,1.2507,1.2799,0.0,1.0651,,0.0,0.0,953,973,pedestrian
953,2596,auto_rickshaw,pedestrian,ped_veh,agent_a_first,-0.8899,3.0017,3.4013,0.2001,5.0207,0.85,0.0,0.0,953,2596,pedestrian
956,2526,lcv,pedestrian,ped_veh,agent_a_first,1.0483,0.7004,0.6154,0.6504,0.481,0.6,0.00835,0.00056,956,2526,pedestrian
956,2539,lcv,lcv,veh_veh,unresolved_conflict_zone,-93.4063,0.1501,0.9654,0.0,2.1847,1.1,0.00861,0.000339,956,2539,lcv
956,2557,lcv,pedestrian,ped_veh,agent_a_first,0.3974,0.6504,2.4432,0.0,1.8857,1.5,0.00013,8e-06,956,2557,pedestrian
956,2611,lcv,lcv,veh_veh,agent_b_first,0.1258,1.5509,0.1813,0.3502,0.4212,0.8,0.2635,0.010355,956,2611,lcv
956,2616,lcv,pedestrian,ped_veh,agent_b_first,-1.4365,0.1501,4.9393,0.0,4.3836,1.85,0.0,0.0,956,2616,pedestrian
959,960,motorcycle,cyclist,cyc_veh,agent_a_first,-3.1576,0.1501,1.7462,0.0,2.073,,0.0,0.0,959,960,cyclist
959,961,motorcycle,pedestrian,ped_veh,agent_b_first,-3.0082,0.7504,27.6815,0.1501,1.9007,,0.0,0.0,959,961,pedestrian
959,2510,motorcycle,car,veh_veh,agent_a_first,2.1142,0.7504,5.51,0.0,3.0838,4.1,1e-05,1e-06,959,2510,car
959,2526,motorcycle,pedestrian,ped_veh,agent_b_first,-1.9821,0.6003,0.844,0.0,0.9744,0.5,0.39385,0.079288,959,2526,pedestrian
959,2527,motorcycle,pedestrian,ped_veh,agent_a_first,25.6325,0.5503,2.8479,0.0,8.0386,,0.0,0.0,959,2527,pedestrian
959,2539,motorcycle,lcv,veh_veh,agent_b_first,-11.9365,0.1501,0.0461,0.9005,1.3915,,0.00023,1.4e-05,959,2539,lcv
959,2557,motorcycle,pedestrian,ped_veh,unresolved_conflict_zone,-3.1626,0.0,0.1143,1.0506,1.7134,1.15,0.0,0.0,959,2557,pedestrian
959,2610,motorcycle,pedestrian,ped_veh,unresolved_conflict_zone,2.2496,0.0,0.1608,0.0,0.7364,,0.0,0.0,959,2610,pedestrian
959,2616,motorcycle,pedestrian,ped_veh,agent_a_first,-5.0464,0.0,2.8498,0.5503,3.1227,,0.0,0.0,959,2616,pedestrian
959,2620,motorcycle,pedestrian,ped_veh,agent_b_first,-2.8145,0.05,5.0167,0.0,2.7519,1.9,0.0,0.0,959,2620,pedestrian
960,961,cyclist,pedestrian,ped_veh,agent_b_first,0.0517,0.2501,0.6353,0.0,0.3666,,0.538,0.117616,960,961,pedestrian
960,2510,cyclist,car,cyc_veh,agent_b_first,0.2948,0.0,0.436,0.0,2.3818,,0.0,0.0,960,2510,car
960,2526,cyclist,pedestrian,ped_veh,agent_b_first,-1.4725,0.05,2.0438,0.0,2.4466,,0.0,0.0,960,2526,pedestrian
960,2539,cyclist,lcv,cyc_veh,unresolved_conflict_zone,-6.8335,0.2001,1.6791,0.05,1.6133,0.15,0.30333,0.01935,960,2539,lcv
960,2596,cyclist,pedestrian,ped_veh,agent_b_first,3.5434,0.1501,1.5107,0.2001,2.4025,,0.0,0.0,960,2596,pedestrian
960,2611,cyclist,lcv,cyc_veh,agent_b_first,1.9437,0.1501,0.6513,0.0,1.8595,1.05,2e-05,1e-06,960,2611,lcv
960,2616,cyclist,pedestrian,ped_veh,agent_b_first,-11.2051,0.05,0.2947,0.3502,1.7635,1.65,0.0,0.0,960,2616,pedestrian
961,2510,pedestrian,car,ped_veh,agent_a_first,0.2917,0.0,0.7263,0.0,1.2011,,0.0,0.0,961,2510,car
961,2539,pedestrian,lcv,ped_veh,agent_a_first,-5.9742,1.1506,1.5648,0.7004,1.9725,2.2,0.00976,0.000655,961,2539,lcv
961,2611,pedestrian,lcv,ped_veh,agent_a_first,2.4704,1.1006,30.945,0.1501,1.7916,1.75,0.0,0.0,961,2611,lcv
963,2510,pedestrian,car,ped_veh,agent_a_first,8.6046,1.0506,7.0411,0.0,3.0258,,0.0,0.0,963,2510,car
964,983,lcv,pedestrian,ped_veh,agent_a_first,-6.0516,0.3502,0.9714,0.0,4.5737,,0.0,0.0,964,983,pedestrian
964,2527,lcv,pedestrian,ped_veh,agent_a_first,-3.8435,1.901,3.2932,0.05,2.0558,0.6,0.05182,0.003476,964,2527,pedestrian
964,2539,lcv,lcv,veh_veh,unresolved_conflict_zone,1.1232,2.5514,0.0743,0.0,0.6375,2.05,0.00688,0.00027,964,2539,lcv
964,2557,lcv,pedestrian,ped_veh,agent_b_first,0.0899,2.2512,1.4658,0.0,1.8434,2.95,0.0,0.0,964,2557,pedestrian
967,2539,pedestrian,lcv,ped_veh,agent_b_first,-0.0624,2.5514,1.6324,0.0,1.6928,2.0,0.00398,0.000267,967,2539,lcv
968,2539,pedestrian,lcv,ped_veh,agent_a_first,-1.7266,1.0506,0.584,0.6504,1.058,,0.00012,8e-06,968,2539,lcv
969,2527,motorcycle,pedestrian,ped_veh,agent_a_first,-15.0097,0.3502,4.3801,0.0,3.0146,,0.26427,0.053202,969,2527,pedestrian
969,2539,motorcycle,lcv,veh_veh,agent_a_first,-1.4932,1.1006,0.4498,0.4502,0.8885,,0.00057,3.6e-05,969,2539,lcv
969,2557,motorcycle,pedestrian,ped_veh,agent_a_first,0.7655,0.1001,0.0007,0.0,1.1566,,0.0,0.0,969,2557,pedestrian
969,2611,motorcycle,lcv,veh_veh,agent_a_first,1.5527,0.4002,0.0777,0.1001,1.3472,,0.08132,0.005106,969,2611,lcv
969,2616,motorcycle,pedestrian,ped_veh,unresolved_conflict_zone,-8.0519,1.0506,0.1249,0.3502,2.7838,,0.0,0.0,969,2616,pedestrian
970,979,car,pedestrian,ped_veh,agent_b_first,0.8878,0.4502,1.4414,0.0,1.8696,,0.0,0.0,970,979,pedestrian
970,2596,car,pedestrian,ped_veh,agent_b_first,0.9356,0.7504,2.3386,0.0,1.8307,1.2,0.0002,1.9e-05,970,2596,pedestrian
973,976,pedestrian,lcv,ped_veh,agent_a_first,-0.6297,0.0,0.1922,0.0,0.8599,0.75,0.0,0.0,973,976,lcv
973,2539,pedestrian,lcv,ped_veh,agent_a_first,-0.501,0.0,0.3124,0.0,0.3835,,0.94769,0.06356,973,2539,lcv
974,976,cyclist,lcv,cyc_veh,unresolved_conflict_zone,-2.1279,0.1501,0.0072,0.1501,0.748,,0.0,0.0,974,976,lcv
974,2557,cyclist,pedestrian,ped_veh,agent_a_first,0.4418,0.8505,0.6101,0.2001,0.3336,0.5,0.10061,0.021995,974,2557,pedestrian
974,2616,cyclist,pedestrian,ped_veh,unresolved_conflict_zone,-1.1143,0.1001,0.0358,0.0,1.0726,1.2,0.0,0.0,974,2616,pedestrian
976,979,lcv,pedestrian,ped_veh,agent_b_first,-3.6725,0.05,0.9865,0.0,0.5729,,0.44255,0.029681,976,979,pedestrian
976,2539,lcv,lcv,veh_veh,agent_a_first,4.7684,0.6003,3.7572,0.6504,1.022,4.4,0.00792,0.000311,976,2539,lcv
976,2557,lcv,pedestrian,ped_veh,agent_a_first,7.5316,0.2001,23.4646,0.1501,1.0134,1.85,0.00113,7.6e-05,976,2557,pedestrian
976,2616,lcv,pedestrian,ped_veh,agent_b_first,-2.6909,0.0,0.569,0.2501,0.8586,,0.02125,0.001425,976,2616,pedestrian
983,1021,pedestrian,truck,ped_veh,unresolved_conflict_zone,-0.31,0.0,0.4021,0.0,0.9901,,0.05421,0.003027,983,1021,truck
983,2670,pedestrian,lcv,ped_veh,agent_a_first,-2.3959,3.0517,3.7328,1.5008,3.0841,2.2,7e-05,5e-06,983,2670,lcv
1008,1021,pedestrian,truck,ped_veh,unresolved_conflict_zone,-1.8048,0.1001,0.4398,0.0,1.0678,,0.06531,0.003647,1008,1021,truck
1008,2633,pedestrian,car,ped_veh,agent_a_first,1.8339,0.2001,7.06,0.0,1.8335,1.9,0.0,0.0,1008,2633,car
1008,2635,pedestrian,car,ped_veh,agent_a_first,-0.3103,2.1012,1.095,0.9005,1.2778,0.45,0.14115,0.013693,1008,2635,car
1008,2670,pedestrian,lcv,ped_veh,agent_b_first,-6.2215,0.8004,3.3943,1.3007,4.1881,0.1,0.29291,0.019645,1008,2670,lcv
1008,2714,pedestrian,truck,ped_veh,agent_a_first,-1.213,0.05,0.0103,0.0,1.0195,,7e-05,4e-06,1008,2714,truck
1016,1021,pedestrian,truck,ped_veh,agent_b_first,-4.4054,1.1506,0.2071,0.0,1.1011,,0.09746,0.005442,1016,1021,truck
1016,2635,pedestrian,car,ped_veh,unresolved_conflict_zone,-3.4536,1.851,0.779,0.8004,1.7389,0.65,0.02311,0.002242,1016,2635,car
1016,2714,pedestrian,truck,ped_veh,unresolved_conflict_zone,-2.6813,0.2001,0.6639,0.0,0.86,,2e-05,1e-06,1016,2714,truck
1021,1022,truck,pedestrian,ped_veh,agent_a_first,-3.2648,1.901,3.4047,0.7004,1.1168,,0.11528,0.006437,1021,1022,pedestrian
1021,1024,truck,pedestrian,ped_veh,agent_a_first,-1.3243,1.5008,8.8808,0.8004,1.1763,,0.20458,0.011423,1021,1024,pedestrian
1021,2670,truck,lcv,veh_veh,unresolved_conflict_zone,-0.141,0.0,0.823,0.0,0.3261,0.05,0.49383,0.017369,1021,2670,lcv
1022,2670,pedestrian,lcv,ped_veh,agent_b_first,-1.641,2.4513,9.3813,0.0,0.9733,0.05,0.79982,0.053642,1022,2670,lcv
1022,2714,pedestrian,truck,ped_veh,agent_b_first,-3.9289,0.6504,1.0849,0.0,2.0689,,0.00575,0.000321,1022,2714,truck
1024,2714,pedestrian,truck,ped_veh,agent_b_first,0.0988,0.1001,0.3938,0.0,0.9431,,0.07897,0.004409,1024,2714,truck
1030,2670,pedestrian,lcv,ped_veh,agent_a_first,4.9458,0.7004,2.404,0.0,2.331,,0.0,0.0,1030,2670,lcv
1031,2635,pedestrian,car,ped_veh,agent_a_first,6.2471,1.6509,13.4344,0.0,4.325,0.5,0.12236,0.01187,1031,2635,car
1033,1047,pedestrian,truck,ped_veh,agent_b_first,-1.6004,5.9533,6.1098,0.2501,2.3238,2.25,0.0207,0.001156,1033,1047,truck
1033,2635,pedestrian,car,ped_veh,agent_a_first,5.5453,4.1023,68.757,0.0,5.514,6.7,0.0,0.0,1033,2635,car
1040,1047,pedestrian,truck,ped_veh,agent_b_first,5.3128,6.4535,1.9113,2.5014,2.9751,,0.0,0.0,1040,1047,truck
1040,1060,pedestrian,lcv,ped_veh,agent_b_first,81.2931,1.751,3.7222,0.8505,4.6403,1.9,0.0,0.0,1040,1060,lcv
1040,1074,pedestrian,lcv,ped_veh,agent_b_first,-12.2422,1.9511,5.2583,0.3002,5.0135,8.5,0.0006,4e-05,1040,1074,lcv
1040,1081,pedestrian,lcv,ped_veh,agent_b_first,-9.6929,3.0517,23.8204,1.801,3.0367,1.95,0.0,0.0,1040,1081,lcv
1040,1085,pedestrian,lcv,ped_veh,agent_b_first,-9.8302,0.7504,10.5631,0.6003,2.7562,2.2,0.0,0.0,1040,1085,lcv
1040,1087,pedestrian,lcv,ped_veh,agent_b_first,-6.5094,0.2001,2.9268,1.801,1.3975,1.65,0.0,0.0,1040,1087,lcv
1040,1100,pedestrian,cyclist,ped_veh,agent_a_first,3.8765,0.0,1.7852,1.801,1.6893,,0.0,0.0,1040,1100,cyclist
1045,1047,pedestrian,truck,ped_veh,agent_a_first,0.6832,0.7004,1.7561,0.0,3.4267,1.8,3e-05,1e-06,1045,1047,truck
1045,2635,pedestrian,car,ped_veh,agent_a_first,6.7332,8.8549,5.7965,0.1501,5.3685,2.7,0.00052,5.1e-05,1045,2635,car
1047,1049,truck,pedestrian,ped_veh,agent_a_first,1.254,0.5003,0.1545,0.0,1.669,0.9,0.03851,0.00215,1047,1049,pedestrian
1047,1050,truck,pedestrian,ped_veh,agent_a_first,-0.0212,6.5536,2.8538,2.4513,6.5334,,0.0,0.0,1047,1050,pedestrian
1047,1053,truck,pedestrian,ped_veh,unresolved_conflict_zone,0.0885,1.0506,0.1967,0.8004,2.2827,,0.19567,0.010925,1047,1053,pedestrian
1047,1063,truck,pedestrian,ped_veh,agent_a_first,-16.845,0.8004,0.2704,0.0,0.8368,0.05,0.50238,0.02805,1047,1063,pedestrian
1047,1065,truck,pedestrian,ped_veh,agent_a_first,0.2412,1.1506,3.2686,0.0,2.8659,,0.0,0.0,1047,1065,pedestrian
1047,1068,truck,pedestrian,ped_veh,agent_a_first,-3.2944,1.4008,0.5569,0.0,0.7624,0.05,0.87628,0.048927,1047,1068,pedestrian
1047,2635,truck,car,veh_veh,agent_a_first,-4.2826,0.1501,2.4255,0.0,2.404,0.95,0.22095,0.009219,1047,2635,car
1047,2722,truck,pedestrian,ped_veh,agent_b_first,-0.1385,0.05,0.4869,0.2501,1.6395,1.1,0.0,0.0,1047,2722,pedestrian
1050,1060,pedestrian,lcv,ped_veh,agent_b_first,-2.3191,2.4513,4.0603,0.0,2.0528,2.2,0.0,0.0,1050,1060,lcv
1050,1074,pedestrian,lcv,ped_veh,unresolved_conflict_zone,-0.7616,0.4502,0.8024,0.0,1.2429,0.05,0.69568,0.046658,1050,1074,lcv
1053,1060,pedestrian,lcv,ped_veh,agent_b_first,3.8329,3.1017,1.0448,0.7504,0.9768,0.85,0.59209,0.03971,1053,1060,lcv
1059,1062,pedestrian,lcv,ped_veh,agent_b_first,-2.4393,0.8004,1.323,0.0,0.1167,,0.02129,0.001428,1059,1062,lcv
1060,1062,lcv,lcv,veh_veh,agent_b_first,-1.6852,0.9005,1.0777,0.0,0.1561,,0.13125,0.005158,1060,1062,lcv
1060,1064,lcv,pedestrian,ped_veh,agent_b_first,-1.8572,0.9005,2.1155,0.1501,0.5871,,0.01473,0.000988,1060,1064,pedestrian
1060,1066,lcv,pedestrian,ped_veh,agent_b_first,-10.2159,1.4508,2.7331,0.8505,2.0934,,0.0,0.0,1060,1066,pedestrian
1065,1074,pedestrian,lcv,ped_veh,agent_a_first,-0.8861,0.8505,0.1117,0.0,0.5961,0.15,0.58215,0.039044,1065,1074,lcv
1066,1074,pedestrian,lcv,ped_veh,agent_b_first,-0.739,0.4002,2.5563,0.3002,1.4093,7.7,0.00136,9.1e-05,1066,1074,lcv
1074,1081,lcv,lcv,veh_veh,unresolved_conflict_zone,-0.836,2.3513,0.1772,0.0,0.5965,0.35,0.08007,0.003147,1074,1081,lcv
1074,1085,lcv,lcv,veh_veh,agent_a_first,-0.9641,2.0511,0.3139,0.0,0.8709,0.65,0.01566,0.000615,1074,1085,lcv
1074,1086,lcv,pedestrian,ped_veh,agent_a_first,-0.7876,1.5008,0.8356,0.0,1.091,1.3,0.00353,0.000236,1074,1086,pedestrian
1074,2725,lcv,pedestrian,ped_veh,agent_a_first,-2.7759,1.3007,1.0682,0.1001,0.9409,1.2,0.03997,0.002681,1074,2725,pedestrian
1074,2741,lcv,pedestrian,ped_veh,agent_b_first,-75.0934,0.0,1.6713,0.3502,4.5601,2.05,0.0,0.0,1074,2741,pedestrian
1074,2745,lcv,pedestrian,ped_veh,agent_a_first,0.5053,0.0,0.0527,0.0,0.4309,0.05,0.77953,0.052282,1074,2745,pedestrian
1074,2772,lcv,pedestrian,ped_veh,agent_b_first,-0.5168,0.0,0.1692,0.0,0.1129,0.1,0.50911,0.034145,1074,2772,pedestrian
1081,1084,lcv,pedestrian,ped_veh,agent_a_first,-0.969,0.1001,0.0919,0.05,0.5665,2.0,0.00017,1.1e-05,1081,1084,pedestrian
1081,1087,lcv,lcv,veh_veh,unresolved_conflict_zone,-0.1882,0.7504,0.736,0.0,0.1388,1.9,0.18068,0.0071,1081,1087,lcv
1081,1098,lcv,pedestrian,ped_veh,agent_a_first,-4.84,0.7504,0.1127,0.1001,1.0835,,0.0,0.0,1081,1098,pedestrian
1081,1100,lcv,cyclist,cyc_veh,agent_a_first,-1.8697,0.6504,1.1765,0.8505,2.1356,,0.0,0.0,1081,1100,cyclist
1081,1101,lcv,pedestrian,ped_veh,agent_a_first,-321.1762,0.9505,2.9617,0.0,2.4512,2.1,0.00016,1.1e-05,1081,1101,pedestrian
1081,2725,lcv,pedestrian,ped_veh,agent_a_first,-0.7007,0.4002,0.8041,1.4008,0.2908,0.15,0.41695,0.027964,1081,2725,pedestrian
1081,2736,lcv,pedestrian,ped_veh,agent_a_first,-0.1724,1.751,0.1881,0.9005,1.0377,0.55,0.27518,0.018456,1081,2736,pedestrian
1081,2741,lcv,pedestrian,ped_veh,agent_a_first,-9.2095,0.1001,4.503,0.0,1.4039,,0.0,0.0,1081,2741,pedestrian
1081,2772,lcv,pedestrian,ped_veh,agent_b_first,0.337,1.6009,0.9269,0.0,1.2556,,2e-05,2e-06,1081,2772,pedestrian
1081,2780,lcv,lcv,veh_veh,unresolved_conflict_zone,-2.6519,0.0,0.1669,0.0,0.1496,0.05,0.33127,0.013018,1081,2780,lcv
1084,2635,pedestrian,car,ped_veh,agent_a_first,-4.0892,2.3513,0.2116,0.0,0.7315,,0.2137,0.020732,1084,2635,car
1084,2780,pedestrian,lcv,ped_veh,unresolved_conflict_zone,4.3154,0.0,0.2115,0.05,0.5219,,1e-05,1e-06,1084,2780,lcv
1085,1087,lcv,lcv,veh_veh,unresolved_conflict_zone,-0.11,0.4002,0.1806,0.0,0.6914,5.25,0.24163,0.009495,1085,1087,lcv
1085,2725,lcv,pedestrian,ped_veh,agent_a_first,-1.3032,0.3502,0.6544,0.4502,0.5487,0.2,0.24165,0.016207,1085,2725,pedestrian
1085,2736,lcv,pedestrian,ped_veh,unresolved_conflict_zone,1.9804,0.05,0.0117,0.0,1.0612,0.75,0.04175,0.0028,1085,2736,pedestrian
1085,2741,lcv,pedestrian,ped_veh,agent_a_first,-4.4378,0.9505,4.8558,0.0,1.3354,1.05,0.0,0.0,1085,2741,pedestrian
1086,1087,pedestrian,lcv,ped_veh,agent_b_first,-1.0926,0.1501,0.3293,0.0,0.151,,0.04776,0.003203,1086,1087,lcv
1087,1092,lcv,cyclist,cyc_veh,agent_b_first,-0.9037,1.2507,1.8873,0.0,1.1027,,0.01015,0.000647,1087,1092,cyclist
1087,1094,lcv,pedestrian,ped_veh,agent_b_first,-0.1661,2.8516,1.577,0.0,1.348,,0.00068,4.6e-05,1087,1094,pedestrian
1087,1098,lcv,pedestrian,ped_veh,agent_b_first,-1.689,0.05,0.0579,0.4502,0.6126,1.0,1e-05,0.0,1087,1098,pedestrian
1087,1100,lcv,cyclist,cyc_veh,agent_b_first,-0.931,0.2001,0.0682,0.6003,0.7269,1.85,0.0,0.0,1087,1100,cyclist
1087,2725,lcv,pedestrian,ped_veh,agent_b_first,-0.2064,0.4002,0.4829,1.7009,0.5222,0.5,0.31881,0.021382,1087,2725,pedestrian
1087,2736,lcv,pedestrian,ped_veh,agent_a_first,-0.8118,0.3002,2.3478,0.0,1.8875,0.85,0.19162,0.012852,1087,2736,pedestrian
1087,2780,lcv,lcv,veh_veh,agent_a_first,-0.6387,0.1501,1.4343,0.0,0.5841,2.25,9e-05,4e-06,1087,2780,lcv
1087,2790,lcv,pedestrian,ped_veh,agent_a_first,-0.5562,1.1506,0.9652,0.1501,0.6036,,0.23469,0.01574,1087,2790,pedestrian
1087,2810,lcv,pedestrian,ped_veh,agent_a_first,-16.9721,0.4002,0.7974,0.0,1.2929,0.95,0.00191,0.000128,1087,2810,pedestrian
1088,1092,pedestrian,cyclist,ped_veh,agent_b_first,-0.627,1.2507,1.8005,0.0,0.9752,,0.0,0.0,1088,1092,cyclist
1088,1100,pedestrian,cyclist,ped_veh,agent_a_first,-1.9544,1.6509,0.6617,0.7504,1.3709,,0.0,0.0,1088,1100,cyclist
1088,2780,pedestrian,lcv,ped_veh,unresolved_conflict_zone,2.4701,0.7004,0.1941,0.0,0.2471,1.75,0.0004,2.7e-05,1088,2780,lcv
1100,2725,cyclist,pedestrian,ped_veh,agent_b_first,1.9483,0.3502,1.9165,0.0,2.551,,2e-05,4e-06,1100,2725,pedestrian
1100,2736,cyclist,pedestrian,ped_veh,agent_a_first,-3.971,1.6509,5.6804,0.0,1.2655,,0.0,0.0,1100,2736,pedestrian
1100,2790,cyclist,pedestrian,ped_veh,agent_b_first,-0.3278,0.1501,0.1202,0.3502,1.5373,,0.0,0.0,1100,2790,pedestrian
1110,2803,pedestrian,car,ped_veh,agent_a_first,5.8457,0.1501,0.3122,0.1001,1.8828,,0.0,0.0,1110,2803,car
1120,2803,pedestrian,car,ped_veh,unresolved_conflict_zone,28.4176,0.5003,0.137,0.0,1.0023,,0.0,0.0,1120,2803,car
1121,1125,lcv,cyclist,cyc_veh,agent_b_first,-0.5041,0.6504,1.9891,0.0,0.9157,,0.00058,3.7e-05,1121,1125,cyclist
1121,1136,lcv,pedestrian,ped_veh,agent_a_first,0.1739,0.3002,1.5612,0.2001,1.9708,,0.50533,0.033892,1121,1136,pedestrian
1121,2727,lcv,pedestrian,ped_veh,agent_a_first,-18.9625,0.5003,1.4782,0.0,2.3154,0.6,0.00212,0.000142,1121,2727,pedestrian
1121,2730,lcv,pedestrian,ped_veh,agent_b_first,-0.5159,1.0006,3.8249,0.3502,2.9455,0.3,0.43762,0.02935,1121,2730,pedestrian
1121,2828,lcv,lcv,veh_veh,unresolved_conflict_zone,-0.8582,0.8505,0.1246,0.0,0.2828,,0.83225,0.032705,1121,2828,lcv
1121,2835,lcv,pedestrian,ped_veh,agent_b_first,-1.3389,0.6504,1.4883,0.0,0.9027,,9e-05,6e-06,1121,2835,pedestrian
1121,2838,lcv,pedestrian,ped_veh,agent_b_first,-10.8988,0.5003,5.6754,1.4008,6.2544,1.35,0.00029,2e-05,1121,2838,pedestrian
1125,2828,cyclist,lcv,cyc_veh,agent_a_first,1.1098,0.6003,3.3552,0.0,1.8263,,0.00046,3e-05,1125,2828,lcv
1142,1147,car,car,veh_veh,agent_a_first,0.1702,2.0511,4.0104,0.7504,1.4615,,0.00097,5.9e-05,1142,1147,car
1142,1149,car,pedestrian,ped_veh,agent_a_first,-0.9373,2.2512,1.8848,0.0,1.4565,,0.0,0.0,1142,1149,pedestrian
1142,1150,car,pedestrian,ped_veh,agent_a_first,-2.217,1.6509,0.9734,0.0,1.2838,0.8,8e-05,8e-06,1142,1150,pedestrian
1142,1156,car,pedestrian,ped_veh,agent_b_first,-4.0603,0.1501,0.8781,0.0,1.2483,1.35,0.0,0.0,1142,1156,pedestrian
1142,1177,car,pedestrian,ped_veh,agent_b_first,-5.1775,0.1501,0.8815,0.0,1.2003,,0.01394,0.001352,1142,1177,pedestrian
1142,1178,car,pedestrian,ped_veh,agent_a_first,-17.9341,0.3002,0.9939,0.0,1.1933,,0.11414,0.011073,1142,1178,pedestrian
1142,2730,car,pedestrian,ped_veh,agent_a_first,1.2771,2.1512,0.7082,1.1506,0.6828,0.45,0.0995,0.009653,1142,2730,pedestrian
1142,2851,car,pedestrian,ped_veh,agent_b_first,-0.3609,1.1006,0.3463,0.1501,0.6562,0.65,0.0,0.0,1142,2851,pedestrian
1148,1165,pedestrian,lcv,ped_veh,agent_b_first,-0.9073,3.652,2.3783,0.3002,1.2966,1.2,0.12787,0.008576,1148,1165,lcv
1148,1167,pedestrian,lcv,ped_veh,agent_b_first,-0.1598,3.652,2.9877,0.3002,2.3211,1.2,0.05395,0.003618,1148,1167,lcv
1148,1183,pedestrian,lcv,ped_veh,unresolved_conflict_zone,0.8704,0.5503,1.862,0.3502,1.8909,2.05,0.00019,1.3e-05,1148,1183,lcv
1148,1187,pedestrian,lcv,ped_veh,unresolved_conflict_zone,6.4674,0.2501,0.8861,0.0,2.3968,2.45,4e-05,2e-06,1148,1187,lcv
1148,1213,pedestrian,lcv,ped_veh,agent_b_first,1.1269,0.7504,0.047,0.0,1.7809,,0.0,0.0,1148,1213,lcv
1148,2873,pedestrian,car,ped_veh,agent_b_first,4.2455,0.8505,1.9542,0.0,1.0259,,0.0,0.0,1148,2873,car
1160,1164,cyclist,truck,cyc_veh,unresolved_conflict_zone,0.721,0.4002,0.0351,0.0,0.1453,0.05,0.25829,0.013838,1160,1164,truck
1160,1165,cyclist,lcv,cyc_veh,agent_b_first,-1.6244,3.0517,25.5407,0.0,0.0338,0.05,0.69186,0.044134,1160,1165,lcv
1160,1167,cyclist,lcv,cyc_veh,agent_b_first,-1.2728,3.0017,3.2189,0.0,0.2342,0.05,0.53758,0.034292,1160,1167,lcv
1160,1173,cyclist,lcv,cyc_veh,agent_b_first,-2.0954,0.9005,2.2723,0.0,0.7975,,0.00079,5.1e-05,1160,1173,lcv
1160,1174,cyclist,pedestrian,ped_veh,agent_a_first,1.0582,1.6509,14.4501,0.3502,1.1048,,0.0387,0.008461,1160,1174,pedestrian
1161,1164,pedestrian,truck,ped_veh,unresolved_conflict_zone,1.0798,1.801,0.1015,0.0,0.2962,0.05,0.59283,0.033101,1161,1164,truck
1161,1165,pedestrian,lcv,ped_veh,agent_a_first,0.0177,0.1501,1.307,1.0506,0.426,4.55,0.43223,0.028989,1161,1165,lcv
1161,1167,pedestrian,lcv,ped_veh,unresolved_conflict_zone,0.3676,3.9522,0.0349,1.4008,0.7183,5.5,0.37056,0.024853,1161,1167,lcv
1161,1173,pedestrian,lcv,ped_veh,agent_b_first,-0.0154,0.9505,1.7924,0.0,1.7048,,6e-05,4e-06,1161,1173,lcv
1161,1176,pedestrian,lcv,ped_veh,agent_b_first,0.1303,0.5003,1.7824,0.0,2.1406,,0.0001,6e-06,1161,1176,lcv
1161,1188,pedestrian,lcv,ped_veh,agent_b_first,-1.9532,0.1501,0.1141,0.0,0.4874,,0.54322,0.036433,1161,1188,lcv
1164,1165,truck,lcv,veh_veh,agent_b_first,-3.6431,0.0,2.105,0.0,0.4623,0.05,0.38278,0.013463,1164,1165,lcv
1165,1169,lcv,pedestrian,ped_veh,agent_a_first,-1.6731,2.8015,0.5777,0.0,1.5936,1.5,0.0,0.0,1165,1169,pedestrian
1165,1170,lcv,pedestrian,ped_veh,agent_a_first,2.5412,3.702,1.9043,0.9505,2.3687,1.0,0.12689,0.00851,1165,1170,pedestrian
1165,1174,lcv,pedestrian,ped_veh,agent_a_first,-6.6067,1.901,5.8032,0.1501,1.5355,,0.0084,0.000563,1165,1174,pedestrian
1165,1188,lcv,lcv,veh_veh,unresolved_conflict_zone,-1.6944,0.2501,0.161,0.0,0.8416,,0.00393,0.000155,1165,1188,lcv
1165,2838,lcv,pedestrian,ped_veh,agent_a_first,0.6017,2.7015,8.0959,0.8505,1.7054,1.1,0.02736,0.001835,1165,2838,pedestrian
1167,1169,lcv,pedestrian,ped_veh,agent_a_first,-0.4127,2.0011,5.5631,0.0,1.6535,1.4,0.0,0.0,1167,1169,pedestrian
1167,1170,lcv,pedestrian,ped_veh,agent_a_first,0.467,1.3007,2.2544,0.7504,2.0024,1.25,0.04241,0.002844,1167,1170,pedestrian
1167,1173,lcv,lcv,veh_veh,agent_b_first,-3.7691,0.4002,1.5803,0.0,0.7651,,0.00015,6e-06,1167,1173,lcv
1167,1174,lcv,pedestrian,ped_veh,agent_b_first,-9.3824,0.0,1.4846,0.5003,1.695,,0.01025,0.000688,1167,1174,pedestrian
1167,1188,lcv,lcv,veh_veh,unresolved_conflict_zone,-0.575,0.2501,0.7107,0.0,0.4831,,0.11224,0.004411,1167,1188,lcv
1167,2838,lcv,pedestrian,ped_veh,agent_a_first,-0.0594,2.7015,13.7538,0.6504,2.0402,1.45,0.00604,0.000405,1167,2838,pedestrian
1170,1183,pedestrian,lcv,ped_veh,unresolved_conflict_zone,0.019,0.05,0.2348,1.0006,1.8458,2.2,2e-05,1e-06,1170,1183,lcv
1170,1187,pedestrian,lcv,ped_veh,agent_a_first,4.9797,0.1501,0.172,0.6003,2.1573,1.55,1e-05,1e-06,1170,1187,lcv
1170,1213,pedestrian,lcv,ped_veh,unresolved_conflict_zone,0.8703,0.8505,0.2111,0.0,0.1323,,0.49119,0.032943,1170,1213,lcv
1174,1183,pedestrian,lcv,ped_veh,unresolved_conflict_zone,1.0514,0.0,0.145,0.05,0.1023,0.7,0.04782,0.003207,1174,1183,lcv
1174,1187,pedestrian,lcv,ped_veh,unresolved_conflict_zone,7.1464,0.0,0.1647,0.05,0.1507,1.1,0.00556,0.000373,1174,1187,lcv
1183,1188,lcv,lcv,veh_veh,agent_a_first,2.0926,2.2512,3.7077,0.0,0.3692,0.05,0.65958,0.02592,1183,1188,lcv
1183,1194,lcv,cyclist,cyc_veh,agent_b_first,-2.4152,0.8004,2.3103,0.0,1.6452,,7e-05,4e-06,1183,1194,cyclist
1183,2838,lcv,pedestrian,ped_veh,agent_a_first,-9.323,1.4508,2.2123,0.0,1.7536,2.15,0.0,0.0,1183,2838,pedestrian
1183,2893,lcv,pedestrian,ped_veh,unresolved_conflict_zone,-27.8006,1.2507,0.017,0.5503,1.4679,,1e-05,1e-06,1183,2893,pedestrian
1187,1188,lcv,lcv,veh_veh,agent_a_first,2.2989,1.4008,2.5783,0.0,0.6161,0.05,0.59176,0.023255,1187,1188,lcv
1187,1194,lcv,cyclist,cyc_veh,agent_b_first,-2.8565,1.6009,4.1998,0.0,1.6383,,5e-05,3e-06,1187,1194,cyclist
1187,1195,lcv,pedestrian,ped_veh,agent_b_first,-2.7643,1.5509,3.7523,0.0,1.4769,,0.0,0.0,1187,1195,pedestrian
1187,1210,lcv,pedestrian,ped_veh,agent_a_first,0.8101,0.5503,6.3036,0.0,3.9322,,0.0,0.0,1187,1210,pedestrian
1187,2838,lcv,pedestrian,ped_veh,agent_b_first,-14.7522,0.3002,2.3808,0.0,2.5279,1.95,2e-05,2e-06,1187,2838,pedestrian
1187,2893,lcv,pedestrian,ped_veh,agent_a_first,-13.1385,0.3002,0.7792,0.3002,1.4938,2.4,0.0,0.0,1187,2893,pedestrian
1188,1194,lcv,cyclist,cyc_veh,agent_a_first,-1.3837,0.05,0.0106,1.2507,2.2174,,0.00046,3e-05,1188,1194,cyclist
1188,1195,lcv,pedestrian,ped_veh,agent_b_first,-1.3749,2.7515,11.228,0.9005,1.4957,1.9,0.0005,3.3e-05,1188,1195,pedestrian
1188,1202,lcv,pedestrian,ped_veh,agent_a_first,1.9589,0.2001,7.8582,2.6515,0.747,0.15,0.07834,0.005254,1188,1202,pedestrian
1188,1203,lcv,pedestrian,ped_veh,unresolved_conflict_zone,8.4711,1.801,0.694,0.0,2.6728,2.6,4e-05,3e-06,1188,1203,pedestrian
1188,1210,lcv,pedestrian,ped_veh,agent_a_first,3.1916,3.0017,14.2832,0.0,1.4316,0.9,0.0,0.0,1188,1210,pedestrian
1188,1213,lcv,lcv,veh_veh,unresolved_conflict_zone,-0.5073,0.9505,0.7373,0.1501,1.8354,0.65,0.0004,1.6e-05,1188,1213,lcv
1188,1216,lcv,pedestrian,ped_veh,agent_b_first,-10.907,0.1501,0.1488,0.0,1.1699,0.8,0.0,0.0,1188,1216,pedestrian
1188,1235,lcv,pedestrian,ped_veh,agent_b_first,-0.3814,0.1501,0.1921,0.4502,0.7794,,0.0,0.0,1188,1235,pedestrian
1188,1239,lcv,motorcycle,veh_veh,agent_a_first,-2.6064,1.1006,2.2413,0.0,1.992,,0.0004,2.5e-05,1188,1239,motorcycle
1188,2882,lcv,pedestrian,ped_veh,agent_b_first,-3.7366,0.0,0.7344,0.3502,1.4893,1.05,6e-05,4e-06,1188,2882,pedestrian
1188,2895,lcv,pedestrian,ped_veh,agent_b_first,-3.1456,0.6504,1.4587,0.05,0.6389,,0.0005,3.3e-05,1188,2895,pedestrian
1188,2896,lcv,cyclist,cyc_veh,agent_a_first,1.4726,1.1506,15.5682,2.4013,0.7223,0.6,0.0221,0.001409,1188,2896,cyclist
1188,2900,lcv,car,veh_veh,agent_b_first,-0.59,0.1001,1.0115,0.5003,0.6312,0.25,0.00054,2.6e-05,1188,2900,car
1188,2909,lcv,pedestrian,ped_veh,agent_a_first,3.1507,2.6014,13.1419,0.6504,6.6928,0.9,0.0,0.0,1188,2909,pedestrian
1194,1200,cyclist,lcv,cyc_veh,agent_a_first,-24.4843,0.0,0.5152,0.2501,0.4032,,0.37272,0.023776,1194,1200,lcv
1194,1202,cyclist,pedestrian,ped_veh,agent_b_first,0.1873,2.3013,2.3548,0.4002,0.6277,,6e-05,1.3e-05,1194,1202,pedestrian
1194,1203,cyclist,pedestrian,ped_veh,agent_b_first,-2.9358,0.4002,1.4298,0.0,0.9247,,0.01763,0.003855,1194,1203,pedestrian
1194,1206,cyclist,car,cyc_veh,agent_a_first,-0.311,0.5503,2.2876,0.0,1.0221,,0.23874,0.021421,1194,1206,car
1194,2896,cyclist,cyclist,cyc_veh,agent_b_first,-0.8526,2.1512,1.1286,0.0,0.2577,5.35,0.05818,0.010289,1194,2896,cyclist
1195,1200,pedestrian,lcv,ped_veh,agent_a_first,-22.117,0.0,0.4746,0.05,0.5526,,0.18863,0.012651,1195,1200,lcv
1195,1206,pedestrian,car,ped_veh,agent_a_first,0.3018,0.5503,2.7034,0.0,0.9998,,0.1125,0.010914,1195,1206,car
1195,2896,pedestrian,cyclist,ped_veh,agent_b_first,-1.2141,1.4508,1.4783,0.0,0.2756,,0.04447,0.009723,1195,2896,cyclist
1202,1213,pedestrian,lcv,ped_veh,agent_b_first,0.4302,3.1017,0.2707,0.1001,0.6217,1.5,0.04184,0.002806,1202,1213,lcv
1202,1239,pedestrian,motorcycle,ped_veh,unresolved_conflict_zone,0.2684,0.1501,0.3061,0.0,0.3389,,0.0,0.0,1202,1239,motorcycle
1202,2874,pedestrian,car,ped_veh,unresolved_conflict_zone,-19.6012,2.4013,0.5032,1.5509,30.322,0.55,0.00626,0.000608,1202,2874,car
1202,2900,pedestrian,car,ped_veh,agent_a_first,0.0386,2.6014,2.0148,0.0,1.7854,,0.00011,1e-05,1202,2900,car
1206,2896,car,cyclist,cyc_veh,agent_a_first,0.9197,0.05,38.5193,0.0,0.7171,,0.14335,0.012862,1206,2896,cyclist
1209,1210,car,pedestrian,ped_veh,agent_a_first,1.7816,3.702,2.766,0.0,0.7132,,0.0,0.0,1209,1210,pedestrian
1209,2893,car,pedestrian,ped_veh,agent_b_first,-1.723,0.2001,1.9425,0.0,1.5104,,0.0,0.0,1209,2893,pedestrian
1210,1213,pedestrian,lcv,ped_veh,agent_b_first,-1.8497,0.9505,0.4857,0.0,0.9255,0.7,0.33511,0.022475,1210,1213,lcv
1210,1239,pedestrian,motorcycle,ped_veh,agent_b_first,-1.1109,1.1506,3.3026,0.0,2.269,,5e-05,1e-05,1210,1239,motorcycle
1210,2873,pedestrian,car,ped_veh,unresolved_conflict_zone,8.2899,0.3502,0.3741,0.0,0.5169,,0.17392,0.016872,1210,2873,car
1210,2896,pedestrian,cyclist,ped_veh,agent_b_first,-1.448,0.8505,0.2855,0.0,1.6651,1.3,0.06925,0.015139,1210,2896,cyclist
1213,1226,lcv,pedestrian,ped_veh,agent_a_first,-0.19,0.05,7.1763,0.0,0.7591,0.9,0.03635,0.002438,1213,1226,pedestrian
1213,2838,lcv,pedestrian,ped_veh,agent_b_first,-5.9125,1.1506,0.8373,0.3502,0.5066,,9e-05,6e-06,1213,2838,pedestrian
1213,2873,lcv,car,veh_veh,agent_b_first,1.8511,0.9005,0.1267,0.0,0.2299,0.1,0.0017,8.1e-05,1213,2873,car
1213,2893,lcv,pedestrian,ped_veh,agent_a_first,-3.6794,0.0,0.0761,0.5503,0.3122,,0.00046,3.1e-05,1213,2893,pedestrian
1213,2896,lcv,cyclist,cyc_veh,agent_a_first,-0.9545,3.5019,0.9871,0.2501,1.5184,1.7,0.00668,0.000426,1213,2896,cyclist
1213,2909,lcv,pedestrian,ped_veh,agent_a_first,-2.8043,1.1006,2.9821,0.0,3.6113,4.2,0.13846,0.009286,1213,2909,pedestrian
1216,2896,pedestrian,cyclist,ped_veh,agent_a_first,-1.299,2.7015,1.8178,0.0,2.2858,,0.0,0.0,1216,2896,cyclist
1226,1239,pedestrian,motorcycle,ped_veh,agent_b_first,-24.8603,0.05,2.3225,0.0,1.8384,,0.0,0.0,1226,1239,motorcycle
1226,2896,pedestrian,cyclist,ped_veh,agent_b_first,-4.2344,0.8505,2.4037,0.9005,1.5444,2.0,0.0,0.0,1226,2896,cyclist
1228,1239,pedestrian,motorcycle,ped_veh,agent_b_first,4.5704,1.1006,5.264,0.0,6.0907,,0.0,0.0,1228,1239,motorcycle
1228,2896,pedestrian,cyclist,ped_veh,agent_b_first,-3.0714,2.9516,4.9159,0.9505,4.1971,,0.0,0.0,1228,2896,cyclist
1230,2900,lcv,car,veh_veh,unresolved_conflict_zone,-1.1504,0.1001,0.8719,0.0,0.7998,0.05,0.24242,0.011554,1230,2900,car
1234,1242,lcv,pedestrian,ped_veh,agent_b_first,-0.7375,1.3507,0.7568,0.0,0.5987,1.05,0.31534,0.02115,1234,1242,pedestrian
1235,1240,pedestrian,lcv,ped_veh,agent_b_first,-2.2014,0.5503,0.8681,0.0,0.361,,0.11543,0.007742,1235,1240,lcv
1235,2900,pedestrian,car,ped_veh,agent_b_first,-0.9524,1.801,0.678,0.05,0.9694,2.1,0.06088,0.005906,1235,2900,car
1239,2839,motorcycle,pedestrian,ped_veh,agent_a_first,2.3198,1.0506,12.6345,0.0,6.6608,,0.0,0.0,1239,2839,pedestrian
1239,2896,motorcycle,cyclist,cyc_veh,unresolved_conflict_zone,0.1761,0.05,0.4192,0.0,0.6048,,0.0,0.0,1239,2896,cyclist
1239,2909,motorcycle,pedestrian,ped_veh,agent_a_first,11.8492,0.4502,9.7066,0.0,5.4388,,0.0,0.0,1239,2909,pedestrian
1243,1256,car,pedestrian,ped_veh,agent_b_first,-0.9074,2.1012,1.9181,0.4502,1.6409,,0.00169,0.000164,1243,1256,pedestrian
1243,1259,car,lcv,veh_veh,agent_b_first,-2.5541,0.7004,3.8006,0.5503,4.308,,0.01579,0.000752,1243,1259,lcv
1243,1263,car,pedestrian,ped_veh,agent_a_first,-7.5406,0.9005,2.7362,1.4508,1.6965,2.55,0.0,0.0,1243,1263,pedestrian
1243,2874,car,car,veh_veh,unresolved_conflict_zone,-2.9772,3.652,0.1436,0.3502,0.9734,1.8,0.02693,0.001633,1243,2874,car
1243,2909,car,pedestrian,ped_veh,agent_a_first,3.043,4.6025,19.789,2.3513,4.478,5.3,0.0,0.0,1243,2909,pedestrian
1243,2916,car,pedestrian,ped_veh,agent_a_first,-2.5106,2.0511,6.2898,0.4002,2.7397,,0.00027,2.6e-05,1243,2916,pedestrian
1243,2925,car,pedestrian,ped_veh,agent_a_first,-0.0165,3.552,4.1663,0.1501,2.9488,,0.0,0.0,1243,2925,pedestrian
1255,2916,cyclist,pedestrian,ped_veh,agent_a_first,-1.5881,1.1506,14.271,0.0,4.1176,,0.0,0.0,1255,2916,pedestrian
1257,2916,truck,pedestrian,ped_veh,agent_a_first,6.8488,0.6504,4.879,0.2001,1.6709,0.5,0.03144,0.001755,1257,2916,pedestrian
1259,1266,lcv,bus,veh_veh,agent_b_first,-1.6462,0.05,1.7117,0.0,1.6489,,0.0,0.0,1259,1266,bus
1260,2916,car,pedestrian,ped_veh,agent_a_first,-20.9207,1.0506,6.346,0.0,3.7686,,0.03282,0.003184,1260,2916,pedestrian
1280,1292,truck,pedestrian,ped_veh,agent_b_first,1.4654,0.0,0.1216,0.3002,0.9924,0.35,0.19547,0.010914,1280,1292,pedestrian
1292,1296,pedestrian,car,ped_veh,unresolved_conflict_zone,-0.4194,0.2501,0.3295,0.4002,0.3109,,0.0,0.0,1292,1296,car
1296,1302,car,cyclist,cyc_veh,agent_a_first,0.8493,0.6003,1.3074,0.0,1.6182,,0.0,0.0,1296,1302,cyclist
1296,1303,car,pedestrian,ped_veh,agent_a_first,3.8503,0.2001,2.1582,0.6003,1.5514,,0.04367,0.004236,1296,1303,pedestrian
1296,1307,car,pedestrian,ped_veh,agent_a_first,-3.7372,0.7004,0.713,0.0,1.6544,1.85,0.0,0.0,1296,1307,pedestrian
1296,2942,car,pedestrian,ped_veh,agent_a_first,2.886,0.5003,12.5593,0.0,11.3226,,0.0,0.0,1296,2942,pedestrian
1302,1303,cyclist,pedestrian,ped_veh,agent_a_first,2.6606,1.901,1.333,2.3013,1.1213,,0.0,0.0,1302,1303,pedestrian
1302,1305,cyclist,pedestrian,ped_veh,agent_a_first,2.0685,3.0517,9.4726,0.05,1.4197,,0.0,0.0,1302,1305,pedestrian
1302,1317,cyclist,car,cyc_veh,agent_b_first,0.8827,1.901,0.1801,0.0,1.0554,,0.0,0.0,1302,1317,car
1302,1327,cyclist,pedestrian,ped_veh,agent_b_first,1.2096,0.05,0.4175,0.0,3.7863,,0.0,0.0,1302,1327,pedestrian
1302,2937,cyclist,pedestrian,ped_veh,agent_a_first,1.2647,4.3024,19.0208,0.0,2.7811,,0.00219,0.000479,1302,2937,pedestrian
1302,2942,cyclist,pedestrian,ped_veh,agent_a_first,-0.2225,7.0539,4.9074,0.0,2.6074,,0.01151,0.002516,1302,2942,pedestrian
1303,1317,pedestrian,car,ped_veh,agent_b_first,27.6092,0.3002,8.8842,0.0,10.1326,,0.0,0.0,1303,1317,car
1303,1322,pedestrian,cyclist,ped_veh,agent_b_first,7.0867,1.3507,9.0775,0.0,1.6636,2.2,0.0,0.0,1303,1322,cyclist
1303,1323,pedestrian,cyclist,ped_veh,agent_b_first,0.7844,2.1012,3.4414,3.8021,1.2199,0.85,0.00313,0.000685,1303,1323,cyclist
1303,1337,pedestrian,cyclist,ped_veh,agent_b_first,-0.8294,0.05,51.515,1.4008,0.963,0.6,0.15387,0.033638,1303,1337,cyclist
1303,1345,pedestrian,cyclist,ped_veh,agent_b_first,14.1969,0.05,48.4369,0.0,6.2036,,0.00435,0.000951,1303,1345,cyclist
1303,1348,pedestrian,car,ped_veh,unresolved_conflict_zone,-13.3926,0.0,2.5488,0.7504,3.4822,3.1,1e-05,1e-06,1303,1348,car
1307,1317,pedestrian,car,ped_veh,agent_b_first,2.1621,1.7009,0.1969,0.0,1.0017,,0.0,0.0,1307,1317,car
1317,2937,car,pedestrian,ped_veh,agent_a_first,-3.1512,1.901,3.7696,0.0,4.3251,,0.0,0.0,1317,2937,pedestrian
1317,2942,car,pedestrian,ped_veh,agent_a_first,-1.2173,0.7504,8.6129,0.0,9.3858,,0.0,0.0,1317,2942,pedestrian
1320,2874,pedestrian,car,ped_veh,unresolved_conflict_zone,-17.4023,0.7004,0.9799,0.0,2.1475,,0.0,0.0,1320,2874,car
1323,1327,cyclist,pedestrian,ped_veh,unresolved_conflict_zone,-1.9551,1.0506,0.2628,0.0,1.6923,0.35,0.27044,0.059122,1323,1327,pedestrian
1323,1328,cyclist,pedestrian,ped_veh,agent_a_first,-0.177,0.5503,1.5583,0.0,0.0915,1.15,0.87124,0.190468,1323,1328,pedestrian
1323,1335,cyclist,cyclist,cyc_veh,agent_b_first,-1.5774,1.3007,2.5787,0.0,1.191,,0.0,0.0,1323,1335,cyclist
1323,1338,cyclist,pedestrian,ped_veh,agent_b_first,-1.7538,1.1506,2.097,0.0,1.1516,,0.0,0.0,1323,1338,pedestrian
1323,1348,cyclist,car,cyc_veh,unresolved_conflict_zone,-4.6606,0.0,0.9665,0.0,1.1571,1.35,0.00756,0.000678,1323,1348,car
1323,1352,cyclist,pedestrian,ped_veh,unresolved_conflict_zone,-3.3929,0.0,0.0773,0.0,1.0075,,0.0,0.0,1323,1352,pedestrian
1323,1354,cyclist,pedestrian,ped_veh,agent_a_first,-20.4127,0.4002,12.0454,0.0,3.7723,2.4,0.00017,3.7e-05,1323,1354,pedestrian
1323,2937,cyclist,pedestrian,ped_veh,agent_b_first,-1.335,0.1501,0.2482,0.0,0.4351,0.05,0.77232,0.168841,1323,2937,pedestrian
1323,2942,cyclist,pedestrian,ped_veh,unresolved_conflict_zone,-0.0944,0.2501,0.1037,0.0,0.0263,0.05,0.95098,0.207901,1323,2942,pedestrian
1325,1335,pedestrian,cyclist,ped_veh,agent_b_first,-1.4487,1.7009,2.5947,0.0,1.3822,,0.0,0.0,1325,1335,cyclist
1325,1348,pedestrian,car,ped_veh,unresolved_conflict_zone,-5.8354,0.4002,1.26,0.0,2.721,,0.0,0.0,1325,1348,car
1327,1337,pedestrian,cyclist,ped_veh,agent_b_first,-4.0254,1.751,3.3222,0.0,2.2605,2.45,0.00164,0.000358,1327,1337,cyclist
1327,1345,pedestrian,cyclist,ped_veh,agent_b_first,-1.1577,1.3507,1.199,0.0,1.9754,1.3,0.12679,0.027718,1327,1345,cyclist
1328,1335,pedestrian,cyclist,ped_veh,agent_b_first,1.1575,1.5008,2.2678,0.0,2.1269,,0.0,0.0,1328,1335,cyclist
1335,1337,cyclist,cyclist,cyc_veh,agent_a_first,1.8828,1.7009,2.8749,0.0,1.8037,,0.0,0.0,1335,1337,cyclist
1337,1338,cyclist,pedestrian,ped_veh,agent_b_first,-2.3242,3.1017,5.8722,0.0,1.3044,,0.0,0.0,1337,1338,pedestrian
1337,1339,cyclist,pedestrian,ped_veh,agent_b_first,-7.5337,0.7504,6.2144,0.0,5.4206,,0.0,0.0,1337,1339,pedestrian
1337,2937,cyclist,pedestrian,ped_veh,agent_a_first,0.0274,2.2512,1.8988,0.0,2.0654,2.9,0.00087,0.00019,1337,2937,pedestrian
1337,2942,cyclist,pedestrian,ped_veh,agent_a_first,-0.1306,3.4519,1.1743,0.05,1.5486,2.35,0.0116,0.002536,1337,2942,pedestrian
1338,1341,pedestrian,lcv,ped_veh,agent_b_first,-0.2482,0.4502,0.4274,0.0,0.0849,,0.10429,0.006994,1338,1341,lcv
1338,1345,pedestrian,cyclist,ped_veh,agent_a_first,0.3048,1.7009,5.559,0.0,2.3171,,0.0,0.0,1338,1345,cyclist
1342,1348,pedestrian,car,ped_veh,agent_a_first,16.4011,0.5503,40.2195,0.0,7.6907,1.65,0.0,0.0,1342,1348,car
1345,1348,cyclist,car,cyc_veh,agent_a_first,-0.3122,0.8004,0.9515,0.0,2.6249,,0.0,0.0,1345,1348,car
1345,2937,cyclist,pedestrian,ped_veh,agent_a_first,-0.1464,1.851,0.571,0.0,1.0119,1.7,0.08604,0.01881,1345,2937,pedestrian
1345,2942,cyclist,pedestrian,ped_veh,agent_a_first,-0.1149,1.851,0.2594,0.0,0.3519,1.25,0.66169,0.144657,1345,2942,pedestrian
1348,1349,car,pedestrian,ped_veh,agent_a_first,0.2681,1.2507,1.4862,0.0,2.4259,,0.0,0.0,1348,1349,pedestrian
1348,1352,car,pedestrian,ped_veh,agent_b_first,0.0256,1.3507,13.8159,0.1001,0.7031,,0.0,0.0,1348,1352,pedestrian
1348,1354,car,pedestrian,ped_veh,agent_a_first,-64.4071,0.9505,0.7936,0.0,3.3924,,0.0,0.0,1348,1354,pedestrian
1348,1360,car,lcv,veh_veh,unresolved_conflict_zone,-1.197,1.5509,1.1567,0.0,1.3799,7.75,0.0,0.0,1348,1360,lcv
1348,1363,car,pedestrian,ped_veh,agent_b_first,0.8047,0.3002,0.8,0.0,0.336,0.05,0.47301,0.045888,1348,1363,pedestrian
1348,1370,car,pedestrian,ped_veh,agent_b_first,-2.8345,0.0,0.8437,0.0,1.9353,,0.0,0.0,1348,1370,pedestrian
1348,1371,car,pedestrian,ped_veh,agent_a_first,2.5436,2.3013,0.2606,0.0,0.8203,,0.0,0.0,1348,1371,pedestrian
1348,2937,car,pedestrian,ped_veh,agent_a_first,1.6928,1.3007,2.2482,0.0,1.1182,2.1,0.00392,0.00038,1348,2937,pedestrian
1348,2938,car,pedestrian,ped_veh,unresolved_conflict_zone,0.1555,0.3002,0.1589,0.0,0.0275,0.05,0.99757,0.096777,1348,2938,pedestrian
1348,2942,car,pedestrian,ped_veh,agent_a_first,3.2804,1.1006,6.6243,0.0,1.8803,1.9,0.00013,1.2e-05,1348,2942,pedestrian
1360,1362,lcv,car,veh_veh,agent_a_first,0.7653,0.1001,0.9516,0.0,0.2572,0.05,0.0144,0.000686,1360,1362,car
1360,1363,lcv,pedestrian,ped_veh,unresolved_conflict_zone,4.5771,0.0,0.4987,0.0,1.1421,0.9,0.0,0.0,1360,1363,pedestrian
1360,1366,lcv,pedestrian,ped_veh,agent_b_first,-1.0375,0.1501,0.3115,0.0,0.3319,0.05,0.55224,0.037038,1360,1366,pedestrian
1360,1370,lcv,pedestrian,ped_veh,agent_b_first,-1.0091,0.5003,0.0649,0.0,0.9983,0.7,4e-05,3e-06,1360,1370,pedestrian
1360,1371,lcv,pedestrian,ped_veh,agent_a_first,1.4165,0.0,0.0335,0.0,0.6687,0.4,0.00023,1.6e-05,1360,1371,pedestrian
1361,1362,pedestrian,car,ped_veh,agent_a_first,-0.4331,1.0506,0.3851,0.5503,0.7882,1.3,0.01637,0.001588,1361,1362,car
1362,1363,car,pedestrian,ped_veh,agent_b_first,0.927,1.801,0.1012,0.0,0.6099,0.2,0.877,0.08508,1362,1363,pedestrian
1362,1366,car,pedestrian,ped_veh,agent_b_first,2.6552,0.6504,15.3453,0.4002,0.2525,0.05,0.163,0.015814,1362,1366,pedestrian
1362,1370,car,pedestrian,ped_veh,agent_b_first,-0.0529,0.3502,0.2323,0.0,0.2441,0.05,0.83743,0.081242,1362,1370,pedestrian
1362,1371,car,pedestrian,ped_veh,agent_a_first,-0.3617,0.1501,0.9744,0.0,0.3081,0.05,0.67313,0.065302,1362,1371,pedestrian
1366,1375,pedestrian,truck,ped_veh,unresolved_conflict_zone,0.2304,0.7504,0.1312,0.3502,0.3577,2.2,0.0001,6e-06,1366,1375,truck
1375,1384,truck,pedestrian,ped_veh,agent_a_first,-8.1107,0.2001,0.8344,0.1001,1.8448,,0.32157,0.017955,1375,1384,pedestrian
1395,1398,pedestrian,car,ped_veh,agent_a_first,0.1786,4.8527,0.5392,0.0,2.355,0.05,0.70966,0.068846,1395,1398,car
1412,1420,pedestrian,motorcycle,ped_veh,agent_b_first,-2.0601,1.4508,0.9888,0.0,0.9804,,0.01641,0.003304,1412,1420,motorcycle
1414,1420,pedestrian,motorcycle,ped_veh,agent_b_first,-3.1563,1.4508,0.9106,0.0,1.1069,,0.00475,0.000955,1414,1420,motorcycle
1428,1454,pedestrian,bus,ped_veh,unresolved_conflict_zone,1.019,1.4508,0.3781,0.0,0.9463,2.05,0.06232,0.00348,1428,1454,bus
1437,1475,pedestrian,car,ped_veh,agent_b_first,4.2445,0.0,0.7401,0.2501,0.7628,,0.0,0.0,1437,1475,car
1515,1560,truck,pedestrian,ped_veh,agent_a_first,-4.979,0.9005,0.2471,0.05,2.4185,,0.55543,0.031013,1515,1560,pedestrian
1537,1555,pedestrian,cyclist,ped_veh,agent_a_first,3.5363,0.2001,2.6654,0.0,2.3767,,0.0,0.0,1537,1555,cyclist
1542,1555,motorcycle,cyclist,cyc_veh,unresolved_conflict_zone,-1.981,0.05,0.153,0.2501,0.2983,0.3,0.03875,0.006482,1542,1555,cyclist
1542,1557,motorcycle,pedestrian,ped_veh,agent_a_first,-3.0256,1.1006,0.2002,0.0,0.2913,0.3,0.337,0.067844,1542,1557,pedestrian
1542,1565,motorcycle,cyclist,cyc_veh,agent_a_first,-1.1469,1.1006,2.114,0.0,2.2996,,0.0,0.0,1542,1565,cyclist
1545,1555,pedestrian,cyclist,ped_veh,agent_b_first,-0.2405,0.5503,1.5365,0.0,0.8753,,0.0,0.0,1545,1555,cyclist
1545,1565,pedestrian,cyclist,ped_veh,agent_b_first,-1.2933,0.4502,0.8511,0.0,1.4887,,0.0,0.0,1545,1565,cyclist
1557,1565,pedestrian,cyclist,ped_veh,agent_a_first,-0.7131,2.5014,1.0329,0.0,1.0869,2.15,0.0,0.0,1557,1565,cyclist
1612,1714,pedestrian,motorcycle,ped_veh,agent_b_first,-9.5384,0.3502,7.5964,0.0,2.0739,1.05,0.0,0.0,1612,1714,motorcycle
1669,1818,lcv,pedestrian,ped_veh,agent_a_first,0.0901,0.0,1.2727,0.0,0.3536,0.45,0.04764,0.003195,1669,1818,pedestrian
1842,1859,pedestrian,car,ped_veh,agent_b_first,0.3283,0.05,2.1059,0.0,1.7312,1.0,0.00126,0.000123,1842,1859,car
1911,1951,pedestrian,cyclist,ped_veh,agent_b_first,-5.4851,0.1501,12.1478,0.0,1.7396,1.45,0.00362,0.000791,1911,1951,cyclist
1911,1976,pedestrian,cyclist,ped_veh,agent_b_first,0.2297,1.0506,3.1437,0.1001,0.9207,0.6,0.18196,0.039779,1911,1976,cyclist
1911,1978,pedestrian,lcv,ped_veh,agent_b_first,-0.584,1.3007,0.1463,0.0,0.159,0.05,0.76606,0.051378,1911,1978,lcv
1930,1951,pedestrian,cyclist,ped_veh,agent_b_first,-7.4745,0.1501,7.2389,0.0,0.7726,,0.0079,0.001726,1930,1951,cyclist
1932,1976,pedestrian,cyclist,ped_veh,agent_b_first,-3.5217,0.9505,3.5286,0.0,0.9537,,0.12092,0.026435,1932,1976,cyclist
1942,1976,pedestrian,cyclist,ped_veh,agent_a_first,6.3595,0.0,0.1307,0.0,0.6793,0.65,5e-05,1.1e-05,1942,1976,cyclist
1942,2016,pedestrian,lcv,ped_veh,unresolved_conflict_zone,-2.4691,0.0,0.3254,0.0,0.7243,0.2,0.06654,0.004463,1942,2016,lcv
1942,2020,pedestrian,lcv,ped_veh,unresolved_conflict_zone,43.3986,0.0,1.9053,0.0,4.2373,,0.00516,0.000346,1942,2020,lcv
1949,1951,pedestrian,cyclist,ped_veh,agent_b_first,-48.2273,0.05,4.3399,0.0,0.7613,,0.0,0.0,1949,1951,cyclist
1963,2049,pedestrian,cyclist,ped_veh,agent_b_first,0.6819,0.3502,0.4857,0.0,0.7514,,0.0,0.0,1963,2049,cyclist
1976,1979,cyclist,motorcycle,cyc_veh,agent_b_first,-1.7058,0.0,15.8389,0.1501,0.4222,0.3,0.06649,0.011123,1976,1979,motorcycle
1979,2013,motorcycle,pedestrian,ped_veh,agent_a_first,-5.0626,0.05,0.2969,0.0,1.4254,1.65,0.0,0.0,1979,2013,pedestrian
1979,2016,motorcycle,lcv,veh_veh,agent_a_first,-5.4335,0.3002,1.441,0.0,2.1133,,0.0,0.0,1979,2016,lcv
1979,2049,motorcycle,cyclist,cyc_veh,agent_b_first,-1.4098,0.2001,0.7056,0.0,0.2044,0.35,0.00228,0.000381,1979,2049,cyclist
2022,2053,lcv,lcv,veh_veh,agent_b_first,-2.5608,0.5503,9.9729,0.0,8.4517,2.1,3e-05,1e-06,2022,2053,lcv
2022,2146,lcv,cyclist,cyc_veh,unresolved_conflict_zone,-1.6648,1.0006,0.12,0.0,0.4566,0.05,0.47272,0.030155,2022,2146,cyclist
2027,2207,lcv,pedestrian,ped_veh,agent_a_first,-5.5775,0.5003,0.1497,0.0,0.6817,,0.0,0.0,2027,2207,pedestrian
2027,2233,lcv,pedestrian,ped_veh,agent_a_first,-0.7196,0.7004,4.8114,0.0,0.8172,0.95,0.0,0.0,2027,2233,pedestrian
2040,2049,pedestrian,cyclist,ped_veh,unresolved_conflict_zone,14.4817,0.0,0.0319,0.0,0.8266,,0.0,0.0,2040,2049,cyclist
2053,2100,lcv,car,veh_veh,agent_b_first,2.6695,1.0006,1.5032,0.05,2.1255,0.65,0.25733,0.012264,2053,2100,car
2071,2100,pedestrian,car,ped_veh,agent_b_first,4.8398,0.2501,0.839,0.0,1.2597,,0.00284,0.000275,2071,2100,car
2075,2146,motorcycle,cyclist,cyc_veh,agent_a_first,2.6834,0.7004,3.2608,0.3002,2.1034,,0.0,0.0,2075,2146,cyclist
2075,2158,motorcycle,pedestrian,ped_veh,agent_a_first,-6.1772,1.3507,1.5646,0.2501,1.5906,0.35,2e-05,4e-06,2075,2158,pedestrian
2075,2186,motorcycle,pedestrian,ped_veh,agent_a_first,-9.1131,0.9505,7.8989,0.2501,2.2674,0.3,0.00021,4.3e-05,2075,2186,pedestrian
2126,2146,pedestrian,cyclist,ped_veh,agent_b_first,-1.047,0.1001,1.6891,0.05,0.2062,2.65,0.0,0.0,2126,2146,cyclist
2142,2146,pedestrian,cyclist,ped_veh,agent_a_first,4.1361,0.7004,4.8117,0.3002,1.6293,2.5,0.00053,0.000116,2142,2146,cyclist
2142,2160,pedestrian,motorcycle,ped_veh,agent_a_first,-1.822,0.0,2.0611,0.05,0.9088,4.4,0.0,0.0,2142,2160,motorcycle
2146,2158,cyclist,pedestrian,ped_veh,agent_b_first,-2.6441,0.0,1.3392,0.05,1.6488,,0.0,0.0,2146,2158,pedestrian
2146,2160,cyclist,motorcycle,cyc_veh,agent_b_first,-3.5556,0.05,1.5992,0.05,1.6424,,0.00051,8.5e-05,2146,2160,motorcycle
2146,2186,cyclist,pedestrian,ped_veh,agent_a_first,2.7274,0.3002,3.7666,0.0,1.9571,,0.0,0.0,2146,2186,pedestrian
2146,2206,cyclist,pedestrian,ped_veh,agent_b_first,-0.5574,0.0,0.5338,0.0,0.8584,0.7,0.0,0.0,2146,2206,pedestrian
2146,2233,cyclist,pedestrian,ped_veh,agent_b_first,-3.4425,0.4002,1.039,0.0,0.5162,,1e-05,2e-06,2146,2233,pedestrian
2160,2233,motorcycle,pedestrian,ped_veh,agent_b_first,-1.6843,1.1006,2.2691,0.0,1.2167,1.05,0.0,0.0,2160,2233,pedestrian
2240,2295,pedestrian,lcv,ped_veh,agent_b_first,6.5329,0.7004,3.2697,0.0,1.2684,,0.0,0.0,2240,2295,lcv
2263,2336,pedestrian,truck,ped_veh,agent_b_first,-12.5798,0.3002,3.0283,0.0,2.1319,1.4,0.00027,1.5e-05,2263,2336,truck
2263,2338,pedestrian,truck,ped_veh,agent_b_first,-2.3649,1.4008,4.113,0.1501,2.2149,0.55,0.00062,3.5e-05,2263,2338,truck
2263,2352,pedestrian,lcv,ped_veh,agent_b_first,2.6614,2.9016,1.5871,1.4008,0.8291,,0.07524,0.005046,2263,2352,lcv
2265,2418,pedestrian,car,ped_veh,agent_b_first,1.4302,0.8004,2.882,0.0,0.6827,,0.0,0.0,2265,2418,car
2287,2352,pedestrian,lcv,ped_veh,agent_b_first,-9.4341,1.4008,16.6643,0.0,9.5295,,0.0427,0.002864,2287,2352,lcv
2331,2352,pedestrian,lcv,ped_veh,agent_b_first,-15.4926,1.2507,22.7124,0.3002,2.5148,,0.00382,0.000256,2331,2352,lcv
2336,2351,truck,pedestrian,ped_veh,agent_a_first,-0.0346,0.8004,2.0604,0.0,2.2964,1.25,0.0,0.0,2336,2351,pedestrian
2336,2352,truck,lcv,veh_veh,agent_a_first,-1.7783,0.8004,0.595,0.0,1.2295,,0.0,0.0,2336,2352,lcv
2338,2351,truck,pedestrian,ped_veh,agent_b_first,-1.0352,0.0,0.2176,0.1501,0.3275,0.4,0.4228,0.023607,2338,2351,pedestrian
2351,2352,pedestrian,lcv,ped_veh,unresolved_conflict_zone,-1.9888,0.1501,0.2259,0.4002,0.2763,3.5,0.43228,0.028992,2351,2352,lcv
2404,2418,pedestrian,car,ped_veh,agent_a_first,4.7015,0.05,0.8173,0.0,0.6057,1.35,0.0,0.0,2404,2418,car
2404,2422,pedestrian,cyclist,ped_veh,agent_b_first,9.2375,0.4502,4.2887,0.0,5.411,,0.0,0.0,2404,2422,cyclist
2407,2444,pedestrian,truck,ped_veh,agent_a_first,0.5374,3.1017,0.0027,0.0,1.3452,0.05,0.99968,0.055817,2407,2444,truck
2407,2456,pedestrian,car,ped_veh,unresolved_conflict_zone,-0.3684,0.0,0.9677,0.0,1.1358,0.05,0.95274,0.092429,2407,2456,car
2436,2444,pedestrian,truck,ped_veh,agent_a_first,-3.9926,0.8004,1.5672,0.0,2.0443,1.1,0.00267,0.000149,2436,2444,truck
2444,2459,truck,pedestrian,ped_veh,agent_b_first,-1.1009,2.1012,4.8292,0.0,1.4109,,0.0,0.0,2444,2459,pedestrian
2456,2459,car,pedestrian,ped_veh,agent_a_first,4.4468,0.0,0.1922,0.05,1.8851,,0.0,0.0,2456,2459,pedestrian
2484,2510,pedestrian,car,ped_veh,agent_a_first,8.0924,0.9505,2.9906,0.0,0.9187,,0.0,0.0,2484,2510,car
2507,2521,car,pedestrian,ped_veh,agent_b_first,-1.9237,0.5503,0.0759,0.1501,0.3333,0.2,0.04164,0.00404,2507,2521,pedestrian
2507,2568,car,pedestrian,ped_veh,agent_a_first,-1.4242,0.7504,1.2605,0.0,1.264,,0.00309,0.0003,2507,2568,pedestrian
2510,2526,car,pedestrian,ped_veh,agent_b_first,-1.1557,0.6504,4.3051,0.8505,2.7226,,2e-05,2e-06,2510,2526,pedestrian
2510,2539,car,lcv,veh_veh,agent_a_first,-8.9679,0.0,0.551,0.0,3.0755,,0.02696,0.001285,2510,2539,lcv
2510,2551,car,pedestrian,ped_veh,agent_b_first,0.4795,1.0506,0.9761,0.0,1.3074,,0.0,0.0,2510,2551,pedestrian
2510,2557,car,pedestrian,ped_veh,agent_b_first,1.283,0.1501,7.5324,0.1001,3.4324,,0.00251,0.000244,2510,2557,pedestrian
2510,2588,car,pedestrian,ped_veh,agent_b_first,-0.8746,0.9005,1.3129,0.0,1.4705,,0.0,0.0,2510,2588,pedestrian
2510,2596,car,pedestrian,ped_veh,agent_b_first,-0.6168,0.4502,4.9266,0.0,2.4681,4.25,0.00013,1.2e-05,2510,2596,pedestrian
2510,2607,car,pedestrian,ped_veh,agent_b_first,17.5969,0.05,9.8799,0.0,12.9195,0.75,0.09304,0.009026,2510,2607,pedestrian
2510,2610,car,pedestrian,ped_veh,agent_b_first,-0.5412,1.3007,5.1645,0.0,0.5604,0.8,0.05826,0.005652,2510,2610,pedestrian
2510,2616,car,pedestrian,ped_veh,agent_b_first,-8.4955,0.4502,1.084,0.1001,4.6977,,0.0,0.0,2510,2616,pedestrian
2510,2620,car,pedestrian,ped_veh,agent_a_first,8.0116,0.0,2.1811,0.7004,0.8566,1.15,1e-05,1e-06,2510,2620,pedestrian
2510,2622,car,pedestrian,ped_veh,unresolved_conflict_zone,-0.9678,0.2001,0.0287,0.0,3.1208,0.55,0.00029,2.8e-05,2510,2622,pedestrian
2512,2564,pedestrian,truck,ped_veh,unresolved_conflict_zone,-9.7556,0.0,1.0374,0.0,2.4338,0.05,0.31983,0.017858,2512,2564,truck
2526,2539,pedestrian,lcv,ped_veh,agent_a_first,-18.4608,0.1501,7.2909,0.2001,8.242,0.75,0.0,0.0,2526,2539,lcv
2526,2611,pedestrian,lcv,ped_veh,unresolved_conflict_zone,-0.0623,0.0,0.0008,0.8004,0.316,0.25,0.08413,0.005643,2526,2611,lcv
2527,2539,pedestrian,lcv,ped_veh,unresolved_conflict_zone,4.1287,0.0,0.1806,0.0,1.0771,,0.02259,0.001515,2527,2539,lcv
2527,2611,pedestrian,lcv,ped_veh,agent_b_first,31.2496,0.2001,3.2667,0.0,5.131,,0.11645,0.00781,2527,2611,lcv
2539,2557,lcv,pedestrian,ped_veh,agent_a_first,0.1807,0.05,1.1349,0.0,0.1899,0.05,0.98381,0.065982,2539,2557,pedestrian
2539,2596,lcv,pedestrian,ped_veh,agent_a_first,2.5406,0.5003,3.6483,1.5509,1.6802,,1e-05,0.0,2539,2596,pedestrian
2539,2611,lcv,lcv,veh_veh,agent_a_first,3.0494,0.1001,2.033,1.4508,0.7275,0.8,0.04037,0.001587,2539,2611,lcv
2539,2616,lcv,pedestrian,ped_veh,agent_b_first,-0.9868,1.0506,2.931,1.0506,1.5975,0.9,0.00031,2.1e-05,2539,2616,pedestrian
2557,2611,pedestrian,lcv,ped_veh,agent_a_first,2.1678,0.4002,1.5842,1.3507,0.5279,1.25,0.00233,0.000156,2557,2611,lcv
2588,2611,pedestrian,lcv,ped_veh,agent_a_first,1.2322,0.0,8.0364,0.4002,1.0434,2.55,0.03233,0.002168,2588,2611,lcv
2588,2619,pedestrian,lcv,ped_veh,agent_b_first,0.034,1.2007,0.3763,0.0,0.7192,,0.10197,0.006839,2588,2619,lcv
2596,2611,pedestrian,lcv,ped_veh,agent_a_first,0.3275,0.3002,0.5064,0.0,0.6901,3.85,0.07707,0.005169,2596,2611,lcv
2596,2619,pedestrian,lcv,ped_veh,agent_b_first,-1.6988,1.2007,1.3984,0.0,0.9466,,0.13251,0.008887,2596,2619,lcv
2610,2611,pedestrian,lcv,ped_veh,unresolved_conflict_zone,0.22,0.0,1.123,0.3502,0.8308,,0.00095,6.3e-05,2610,2611,lcv
2610,2619,pedestrian,lcv,ped_veh,agent_b_first,-2.4348,0.6504,1.7095,0.1001,0.4937,,6e-05,4e-06,2610,2619,lcv
2611,2616,lcv,pedestrian,ped_veh,agent_b_first,-7.1864,0.2501,1.0931,1.9511,2.564,1.4,0.0,0.0,2611,2616,pedestrian
2611,2619,lcv,lcv,veh_veh,agent_b_first,-1.383,0.6003,0.5081,0.0,0.0908,0.05,0.61031,0.023984,2611,2619,lcv
2635,2714,car,truck,veh_veh,agent_b_first,-2.5746,4.6025,11.9469,1.0506,2.9629,1.0,0.12219,0.005098,2635,2714,truck
2670,2706,lcv,pedestrian,ped_veh,agent_b_first,-76.4951,0.05,11.7328,0.0,10.4323,,0.09039,0.006062,2670,2706,pedestrian
2670,2714,lcv,truck,veh_veh,unresolved_conflict_zone,1.0295,0.3502,0.2248,0.0,1.5627,,0.14178,0.004987,2670,2714,truck
2677,2706,lcv,pedestrian,ped_veh,agent_b_first,2.2052,0.5003,0.8274,0.0,1.1569,,0.03288,0.002205,2677,2706,pedestrian
2725,2780,pedestrian,lcv,ped_veh,agent_a_first,4.5835,0.0,2.0031,0.0,1.245,,0.00361,0.000242,2725,2780,lcv
2736,2780,pedestrian,lcv,ped_veh,agent_b_first,3.8979,1.0006,2.6112,0.0,2.708,0.9,0.01447,0.000971,2736,2780,lcv
2790,2803,pedestrian,car,ped_veh,agent_b_first,-1.2274,0.7504,7.8266,0.0,2.2643,,0.0,0.0,2790,2803,car
2828,2835,lcv,pedestrian,ped_veh,agent_b_first,-0.8576,0.5503,1.6824,0.0,1.4288,,0.00016,1e-05,2828,2835,pedestrian
2838,2873,pedestrian,car,ped_veh,agent_b_first,-2.1122,0.0,0.0528,0.0,0.3577,0.4,0.00637,0.000618,2838,2873,car
2839,2896,pedestrian,cyclist,ped_veh,agent_b_first,-3.5211,2.5014,13.2394,0.6504,3.648,,0.0,0.0,2839,2896,cyclist
2858,2896,pedestrian,cyclist,ped_veh,agent_b_first,-3.9222,0.05,13.9354,1.0006,4.4212,2.45,0.0,0.0,2858,2896,cyclist
2869,2877,pedestrian,motorcycle,ped_veh,unresolved_conflict_zone,0.181,0.0,0.0195,0.0,0.1194,0.05,0.84863,0.170844,2869,2877,motorcycle
2873,2893,car,pedestrian,ped_veh,agent_a_first,12.049,0.2001,3.0928,0.0,0.5563,0.15,0.0,0.0,2873,2893,pedestrian
2874,2925,car,pedestrian,ped_veh,agent_b_first,2.5561,2.8015,0.0969,0.0,2.7386,0.65,7e-05,7e-06,2874,2925,pedestrian
2874,2927,car,pedestrian,ped_veh,agent_b_first,-1.8944,1.6009,3.4202,0.0,2.0414,0.3,0.00408,0.000396,2874,2927,pedestrian
2877,2903,motorcycle,pedestrian,ped_veh,agent_a_first,-7.7506,0.1501,3.1609,0.1501,2.6903,,0.00034,6.8e-05,2877,2903,pedestrian
2877,2909,motorcycle,pedestrian,ped_veh,agent_a_first,-5.5138,1.4008,5.9157,0.0,6.7398,,0.0,0.0,2877,2909,pedestrian
2882,2896,pedestrian,cyclist,ped_veh,agent_a_first,-0.9895,1.4008,1.5109,0.0,2.1164,,0.0,0.0,2882,2896,cyclist
2896,2900,cyclist,car,cyc_veh,agent_a_first,1.4514,2.3013,1.1345,0.0,1.0359,,0.00399,0.000358,2896,2900,car
2896,2909,cyclist,pedestrian,ped_veh,agent_a_first,1.8638,1.0506,11.993,0.8505,2.7139,3.9,0.0,0.0,2896,2909,pedestrian
