agent_a_id,agent_b_id,agent_a_class,agent_b_class,pair_type,outcome,NM,SDD,PEB_final,PET,TTC_min,TTC_poly_min,Max_CCI,Max_density_raw,ped_id,veh_id,veh_class
1,4,lcv,pedestrian,ped_veh,agent_b_first,-2.9572,0.05,0.3067,0.7004,0.7987,,0.00366,0.000245,1,4,pedestrian
1,5,lcv,pedestrian,ped_veh,agent_b_first,1.0735,0.0,1.1297,0.9005,0.4096,0.95,0.03265,0.00219,1,5,pedestrian
1,6,lcv,lcv,veh_veh,agent_a_first,-5.4665,3.602,0.3439,0.9505,0.7807,1.7,0.03857,0.001516,1,6,lcv
1,19,lcv,lcv,veh_veh,agent_a_first,0.0326,0.9505,0.5865,0.3002,0.4247,0.3,0.00012,5e-06,1,19,lcv
1,1657,lcv,pedestrian,ped_veh,agent_a_first,3.0754,1.751,2.441,0.2001,1.0868,,0.00151,0.000101,1,1657,pedestrian
4,19,pedestrian,lcv,ped_veh,unresolved_conflict_zone,0.9934,1.1006,0.5123,0.1501,1.1024,,0.00024,1.6e-05,4,19,lcv
6,19,lcv,lcv,veh_veh,agent_b_first,0.4203,1.3007,0.1189,0.0,0.8572,0.8,0.15911,0.006253,6,19,lcv
19,1657,lcv,pedestrian,ped_veh,agent_a_first,-13.9773,0.7504,0.8821,0.0,1.1993,,0.00022,1.5e-05,19,1657,pedestrian
31,37,lcv,pedestrian,ped_veh,agent_a_first,24.3922,0.7504,4.4711,0.0,2.1621,0.55,0.0,0.0,31,37,pedestrian
31,1652,lcv,pedestrian,ped_veh,agent_a_first,7.8374,0.7004,4.7914,0.0,2.2665,0.5,0.00012,8e-06,31,1652,pedestrian
32,33,motorcycle,car,veh_veh,agent_a_first,2.0999,0.8505,4.143,0.9005,2.4691,2.2,0.0,0.0,32,33,car
32,36,motorcycle,motorcycle,veh_veh,agent_a_first,0.4837,0.0,3.3095,1.5008,0.3364,4.35,0.0,0.0,32,36,motorcycle
32,37,motorcycle,pedestrian,ped_veh,agent_a_first,0.1889,2.9016,16.1504,1.5509,2.8043,1.65,0.0,0.0,32,37,pedestrian
32,41,motorcycle,pedestrian,ped_veh,agent_a_first,-0.3026,0.0,4.7544,0.05,1.7098,1.45,0.0,0.0,32,41,pedestrian
32,44,motorcycle,pedestrian,ped_veh,agent_a_first,0.4826,2.2012,2.9461,1.5509,2.133,1.85,0.0,0.0,32,44,pedestrian
32,1296,motorcycle,motorcycle,veh_veh,agent_a_first,3.3722,0.2501,1.0816,0.2501,0.3515,1.2,0.0,0.0,32,1296,motorcycle
32,1652,motorcycle,pedestrian,ped_veh,agent_a_first,3.3868,3.5019,9.4373,1.4008,1.5128,1.4,0.0,0.0,32,1652,pedestrian
32,1977,motorcycle,pedestrian,ped_veh,agent_a_first,3.2933,1.1506,7.534,0.05,1.916,0.5,0.0,0.0,32,1977,pedestrian
33,36,car,motorcycle,veh_veh,agent_b_first,-7.5199,2.3013,4.9281,0.9505,4.9412,,0.0,0.0,33,36,motorcycle
33,62,car,pedestrian,ped_veh,agent_a_first,3.0978,0.2001,0.5575,0.05,0.4759,,0.00185,0.00018,33,62,pedestrian
33,67,car,pedestrian,ped_veh,unresolved_conflict_zone,-0.3411,0.3002,0.2395,0.0,0.368,0.05,0.96023,0.093155,33,67,pedestrian
33,1654,car,pedestrian,ped_veh,agent_a_first,0.5234,0.05,0.0486,0.4002,0.3537,0.4,0.04185,0.00406,33,1654,pedestrian
33,1661,car,pedestrian,ped_veh,unresolved_conflict_zone,-0.9953,1.7009,0.0797,0.0,0.7824,0.05,0.6376,0.061856,33,1661,pedestrian
33,1674,car,pedestrian,ped_veh,unresolved_conflict_zone,0.094,0.05,0.0381,0.3002,0.4507,0.5,0.03511,0.003406,33,1674,pedestrian
36,37,motorcycle,pedestrian,ped_veh,agent_a_first,2.4929,3.2518,6.3108,1.4508,2.515,1.15,0.0,0.0,36,37,pedestrian
36,41,motorcycle,pedestrian,ped_veh,agent_a_first,-2.2885,1.1506,0.4336,0.4002,1.5654,1.05,0.0,0.0,36,41,pedestrian
36,44,motorcycle,pedestrian,ped_veh,agent_a_first,0.3498,2.9016,3.0953,0.7004,2.0908,,0.0,0.0,36,44,pedestrian
36,1296,motorcycle,motorcycle,veh_veh,unresolved_conflict_zone,-1.548,0.3502,0.1225,0.0,0.0699,0.05,0.99973,0.159111,36,1296,motorcycle
36,1652,motorcycle,pedestrian,ped_veh,agent_a_first,0.978,5.453,13.1638,1.5509,1.6317,0.95,0.0,0.0,36,1652,pedestrian
36,1977,motorcycle,pedestrian,ped_veh,agent_a_first,11.1643,0.0,1.5339,0.4502,2.2081,0.3,0.006,0.001208,36,1977,pedestrian
37,59,pedestrian,cyclist,ped_veh,agent_b_first,-0.8545,1.3007,3.2694,0.6504,2.1766,,0.0,0.0,37,59,cyclist
37,65,pedestrian,motorcycle,ped_veh,agent_b_first,-0.735,2.7515,0.2686,0.3502,1.914,,0.0,0.0,37,65,motorcycle
37,75,pedestrian,lcv,ped_veh,agent_b_first,2.9582,0.1501,1.5501,0.0,0.2148,,0.49086,0.032921,37,75,lcv
41,1296,pedestrian,motorcycle,ped_veh,agent_b_first,-14.3411,0.3502,0.569,0.2001,1.1967,,0.0,0.0,41,1296,motorcycle
44,59,pedestrian,cyclist,ped_veh,agent_b_first,-16.5191,0.9505,4.7538,0.6504,2.1525,,0.0,0.0,44,59,cyclist
44,65,pedestrian,motorcycle,ped_veh,agent_b_first,-0.3953,1.0506,4.1164,0.4002,1.4279,,0.0,0.0,44,65,motorcycle
44,1296,pedestrian,motorcycle,ped_veh,agent_b_first,10.5746,0.2001,6.2214,0.1501,4.6526,1.05,0.0,0.0,44,1296,motorcycle
58,59,pedestrian,cyclist,ped_veh,agent_b_first,8.4912,1.1506,4.6241,0.7504,2.6715,,0.0,0.0,58,59,cyclist
58,65,pedestrian,motorcycle,ped_veh,unresolved_conflict_zone,12.4077,0.0,0.0374,0.5503,2.5748,,0.0,0.0,58,65,motorcycle
59,64,cyclist,pedestrian,ped_veh,agent_a_first,-2.7169,1.2507,1.0216,0.0,2.1898,,0.0,0.0,59,64,pedestrian
59,65,cyclist,motorcycle,cyc_veh,unresolved_conflict_zone,-0.5159,0.1001,0.2364,0.1501,0.188,0.5,0.0186,0.003113,59,65,motorcycle
64,65,pedestrian,motorcycle,ped_veh,agent_b_first,3.208,1.4008,0.105,0.4502,2.1761,2.2,0.00161,0.000325,64,65,motorcycle
75,1299,lcv,pedestrian,ped_veh,agent_a_first,-3.1459,2.1012,5.1056,0.0,1.2627,,0.11836,0.007938,75,1299,pedestrian
75,1677,lcv,pedestrian,ped_veh,agent_b_first,-0.8467,0.05,0.1329,0.1001,0.8648,,0.00519,0.000348,75,1677,pedestrian
93,97,car,pedestrian,ped_veh,agent_a_first,0.3196,1.5509,2.4549,0.0,2.0304,1.25,0.0,0.0,93,97,pedestrian
93,110,car,truck,veh_veh,agent_a_first,-21.4615,1.7009,19.0961,0.0,10.214,0.6,0.09908,0.004134,93,110,truck
93,111,car,truck,veh_veh,unresolved_conflict_zone,-0.4719,0.1501,0.3101,0.05,0.4657,,0.00373,0.000155,93,111,truck
97,99,pedestrian,cyclist,ped_veh,agent_b_first,-1.6405,1.4008,1.2678,0.05,1.0357,,0.0,0.0,97,99,cyclist
97,116,pedestrian,car,ped_veh,agent_b_first,-2.9949,2.9516,5.4004,0.0,2.7474,0.7,0.0,0.0,97,116,car
97,139,pedestrian,truck,ped_veh,agent_a_first,-2.1758,0.1501,1.1134,0.1001,3.0086,,0.00058,3.3e-05,97,139,truck
99,102,cyclist,pedestrian,ped_veh,agent_a_first,-6.5823,0.1001,0.2787,0.0,1.4481,,1e-05,2e-06,99,102,pedestrian
99,1295,cyclist,pedestrian,ped_veh,agent_b_first,-0.6393,0.5503,0.8246,0.0,0.6351,,0.0003,6.5e-05,99,1295,pedestrian
99,1299,cyclist,pedestrian,ped_veh,agent_b_first,1.3269,0.1501,0.6875,0.0,0.4827,0.45,0.17887,0.039104,99,1299,pedestrian
99,1300,cyclist,pedestrian,ped_veh,agent_a_first,11.0033,0.1001,3.9804,0.2501,0.3517,0.65,0.0,0.0,99,1300,pedestrian
110,116,truck,car,veh_veh,agent_b_first,-2.635,2.3513,6.0272,0.0,3.6467,0.3,0.13967,0.005827,110,116,car
110,121,truck,truck,veh_veh,agent_b_first,-1.127,2.3013,4.496,0.0,4.7804,0.85,0.10071,0.003206,110,121,truck
110,1299,truck,pedestrian,ped_veh,agent_b_first,-2.8091,1.751,9.0956,0.0,6.2527,,0.00311,0.000173,110,1299,pedestrian
116,121,car,truck,veh_veh,agent_a_first,-2.5707,0.6504,0.0979,0.0,1.0578,,0.00605,0.000252,116,121,truck
141,142,truck,car,veh_veh,unresolved_conflict_zone,0.1585,0.05,0.5392,0.3502,0.2896,,0.053,0.002211,141,142,car
141,148,truck,pedestrian,ped_veh,agent_a_first,2.9263,0.05,3.0299,0.5003,2.3749,1.25,0.0015,8.4e-05,141,148,pedestrian
141,152,truck,pedestrian,ped_veh,agent_a_first,0.2821,0.6003,2.3211,1.851,0.9707,0.95,0.03369,0.001881,141,152,pedestrian
141,155,truck,pedestrian,ped_veh,agent_a_first,1.3882,1.0006,3.0777,2.5514,1.3672,1.3,0.0,0.0,141,155,pedestrian
141,162,truck,pedestrian,ped_veh,agent_b_first,-0.4279,0.3502,1.2082,0.05,2.8086,1.45,0.00185,0.000103,141,162,pedestrian
141,167,truck,truck,veh_veh,agent_a_first,-0.4196,0.05,2.9826,0.0,1.5339,0.55,0.21047,0.006699,141,167,truck
141,173,truck,pedestrian,ped_veh,agent_a_first,-4.3272,1.2507,2.7508,0.05,1.6931,,0.0014,7.8e-05,141,173,pedestrian
142,144,car,car,veh_veh,agent_b_first,1.7285,2.4013,1.3207,0.0,1.2671,0.6,0.00019,1.2e-05,142,144,car
142,148,car,pedestrian,ped_veh,agent_a_first,5.489,0.1001,56.7557,0.0,3.5977,0.9,0.0,0.0,142,148,pedestrian
142,149,car,cyclist,cyc_veh,unresolved_conflict_zone,-0.5589,0.0,0.0219,0.05,0.2833,0.2,0.11779,0.010569,142,149,cyclist
142,152,car,pedestrian,ped_veh,agent_a_first,0.3808,0.4002,1.8406,0.0,1.0209,0.75,0.05433,0.005271,142,152,pedestrian
144,1691,car,truck,veh_veh,agent_a_first,1.4761,0.3502,0.5598,0.0,0.7402,,0.0,0.0,144,1691,truck
148,167,pedestrian,truck,ped_veh,unresolved_conflict_zone,1.4666,0.0,0.7594,0.0,0.0233,0.35,0.25724,0.014363,148,167,truck
148,1691,pedestrian,truck,ped_veh,agent_b_first,34.6361,0.4002,18.4929,0.0,10.5909,,0.0,0.0,148,1691,truck
152,167,pedestrian,truck,ped_veh,agent_b_first,-0.6161,0.6504,0.2902,0.0,0.2934,0.75,0.20591,0.011497,152,167,truck
155,167,pedestrian,truck,ped_veh,agent_b_first,6.0632,0.1001,1.0569,0.1501,1.4917,,0.0,0.0,155,167,truck
155,183,pedestrian,lcv,ped_veh,agent_b_first,0.8019,0.5503,0.504,0.3502,0.426,1.05,0.24916,0.016711,155,183,lcv
181,183,pedestrian,lcv,ped_veh,agent_b_first,0.0015,0.0,3.1825,0.3502,0.6142,0.2,0.31021,0.020806,181,183,lcv
183,187,lcv,pedestrian,ped_veh,unresolved_conflict_zone,-4.1439,0.6003,0.0289,0.0,0.5338,,0.51669,0.034653,183,187,pedestrian
183,192,lcv,car,veh_veh,agent_b_first,2.7362,0.8004,0.5212,0.0,0.6176,,0.07184,0.003424,183,192,car
183,198,lcv,cyclist,cyc_veh,agent_b_first,2.4696,0.05,1.0472,0.2501,0.5694,0.65,3e-05,2e-06,183,198,cyclist
183,1308,lcv,pedestrian,ped_veh,agent_a_first,2.9867,1.7009,4.0863,0.0,1.7103,0.55,0.00176,0.000118,183,1308,pedestrian
183,1322,lcv,pedestrian,ped_veh,agent_a_first,-2.8195,3.702,4.5195,0.0,2.6732,0.5,0.09759,0.006545,183,1322,pedestrian
193,198,car,cyclist,cyc_veh,agent_b_first,-0.0635,0.5503,19.2183,0.7004,0.7606,1.6,0.0,0.0,193,198,cyclist
193,1311,car,pedestrian,ped_veh,agent_b_first,6.6274,0.05,2.4907,0.3002,1.7542,,0.0,0.0,193,1311,pedestrian
193,1701,car,pedestrian,ped_veh,agent_a_first,-0.567,3.4519,2.1373,0.0,3.0362,0.55,0.00046,4.5e-05,193,1701,pedestrian
193,1707,car,pedestrian,ped_veh,agent_a_first,5.7019,0.05,2.3167,0.0,2.0382,1.4,0.0,0.0,193,1707,pedestrian
198,1308,cyclist,pedestrian,ped_veh,agent_a_first,-10.245,2.4013,6.6828,0.0,1.8092,2.15,0.0,0.0,198,1308,pedestrian
198,1322,cyclist,pedestrian,ped_veh,agent_a_first,-0.0159,0.1001,9.8381,0.0,2.5002,1.9,1e-05,1e-06,198,1322,pedestrian
198,1325,cyclist,pedestrian,ped_veh,agent_b_first,-7.4708,0.05,0.3869,0.2501,0.5597,0.6,0.03959,0.008656,198,1325,pedestrian
198,1327,cyclist,pedestrian,ped_veh,agent_a_first,-8.6062,0.05,1.4941,0.2001,0.9899,0.55,0.0,0.0,198,1327,pedestrian
204,214,lcv,lcv,veh_veh,unresolved_conflict_zone,-0.2509,1.9511,0.0551,0.0,0.9683,3.1,0.00181,7.1e-05,204,214,lcv
204,1308,lcv,pedestrian,ped_veh,agent_a_first,-4.5971,0.05,9.6732,0.0,2.3461,1.45,0.0,0.0,204,1308,pedestrian
204,1312,lcv,pedestrian,ped_veh,agent_b_first,-0.8134,0.6003,3.5689,0.0,1.7459,1.95,2e-05,1e-06,204,1312,pedestrian
204,1322,lcv,pedestrian,ped_veh,agent_a_first,0.3245,2.7015,4.1666,0.0,1.5423,1.15,0.01343,0.0009,204,1322,pedestrian
214,1308,lcv,pedestrian,ped_veh,agent_a_first,2.9956,1.4008,5.8887,0.4002,2.3309,0.8,2e-05,1e-06,214,1308,pedestrian
214,1322,lcv,pedestrian,ped_veh,agent_a_first,-0.007,1.3507,0.6826,0.1501,1.0425,0.35,0.24207,0.016236,214,1322,pedestrian
214,1327,lcv,pedestrian,ped_veh,agent_a_first,0.3891,0.5003,5.6984,0.0,2.9016,1.65,5e-05,3e-06,214,1327,pedestrian
223,226,cyclist,pedestrian,ped_veh,agent_a_first,0.0153,1.2507,4.3472,0.05,2.5526,,0.01002,0.00219,223,226,pedestrian
223,1308,cyclist,pedestrian,ped_veh,agent_a_first,-2.6845,2.8015,6.3218,0.0,3.5102,,0.0,0.0,223,1308,pedestrian
223,1322,cyclist,pedestrian,ped_veh,agent_a_first,0.3465,0.05,0.2646,0.1501,0.5953,,0.00868,0.001898,223,1322,pedestrian
223,1714,cyclist,pedestrian,ped_veh,agent_a_first,-21.0024,2.8015,6.0232,0.2501,2.7308,0.4,0.0,0.0,223,1714,pedestrian
223,1717,cyclist,pedestrian,ped_veh,agent_a_first,-24.8084,2.9016,53.3708,0.0,2.9131,,0.0,0.0,223,1717,pedestrian
230,1308,truck,pedestrian,ped_veh,agent_a_first,6.6774,0.7004,9.4382,0.2501,4.0882,,0.01284,0.000717,230,1308,pedestrian
230,1979,truck,pedestrian,ped_veh,agent_a_first,-1.754,2.2012,4.6682,0.0,4.5409,1.0,0.02493,0.001392,230,1979,pedestrian
239,247,lcv,lcv,veh_veh,agent_a_first,0.5402,0.9505,0.37,0.0,0.1983,0.05,0.12586,0.004946,239,247,lcv
247,249,lcv,pedestrian,ped_veh,agent_b_first,-2.1536,0.1001,0.2616,0.0,0.6025,,0.00016,1.1e-05,247,249,pedestrian
247,250,lcv,lcv,veh_veh,agent_b_first,1.0324,2.1512,0.8231,0.0,1.1055,1.4,0.0095,0.000374,247,250,lcv
247,257,lcv,cyclist,cyc_veh,unresolved_conflict_zone,2.1539,0.0,0.0783,0.0,0.9049,0.65,0.00019,1.2e-05,247,257,cyclist
247,1369,lcv,cyclist,cyc_veh,agent_a_first,0.8485,1.851,0.4069,0.0,1.1171,0.65,0.00103,6.6e-05,247,1369,cyclist
250,257,lcv,cyclist,cyc_veh,agent_a_first,-1.9596,0.1501,0.9872,0.05,0.4548,0.55,0.0,0.0,250,257,cyclist
250,1367,lcv,motorcycle,veh_veh,unresolved_conflict_zone,-0.627,0.0,0.0978,0.0,0.6759,0.85,0.02821,0.001771,250,1367,motorcycle
250,1988,lcv,pedestrian,ped_veh,agent_a_first,0.4059,0.0,1.3495,0.0,1.7779,,0.0,0.0,250,1988,pedestrian
257,261,cyclist,cyclist,cyc_veh,agent_a_first,-0.0994,3.3018,2.7005,0.3502,0.6196,0.85,0.0,0.0,257,261,cyclist
257,262,cyclist,cyclist,cyc_veh,agent_a_first,-2.0932,1.0006,0.4657,1.3507,0.6825,1.05,0.0,0.0,257,262,cyclist
257,271,cyclist,cyclist,cyc_veh,agent_b_first,-0.8273,0.0,0.252,0.0,0.5164,,0.0001,1.7e-05,257,271,cyclist
257,1362,cyclist,motorcycle,cyc_veh,unresolved_conflict_zone,0.852,1.1006,0.069,0.0,0.1906,0.05,0.49996,0.083643,257,1362,motorcycle
257,1367,cyclist,motorcycle,cyc_veh,agent_b_first,-1.3887,0.7504,1.5671,0.0,1.2805,1.05,0.0,0.0,257,1367,motorcycle
257,1980,cyclist,pedestrian,ped_veh,agent_a_first,-1.0335,0.1001,5.6464,0.3502,0.7282,1.3,3e-05,7e-06,257,1980,pedestrian
261,271,cyclist,cyclist,cyc_veh,agent_b_first,0.0781,1.2007,0.4513,0.0,0.9319,,0.0,0.0,261,271,cyclist
261,1362,cyclist,motorcycle,cyc_veh,agent_b_first,-1.8039,0.6504,3.6069,0.0,2.2777,1.0,0.0,0.0,261,1362,motorcycle
261,1369,cyclist,cyclist,cyc_veh,agent_b_first,-4.5281,1.0506,5.3698,0.9005,0.6008,4.3,0.0,0.0,261,1369,cyclist
261,1980,cyclist,pedestrian,ped_veh,agent_a_first,-0.2669,5.403,2.2288,1.801,0.3503,0.55,0.00806,0.001761,261,1980,pedestrian
262,271,cyclist,cyclist,cyc_veh,agent_b_first,0.8485,0.8505,0.3505,0.2001,0.8318,,0.0,0.0,262,271,cyclist
262,1362,cyclist,motorcycle,cyc_veh,agent_b_first,-1.7179,1.1006,1.5443,0.0,1.3115,1.45,0.0,0.0,262,1362,motorcycle
262,1369,cyclist,cyclist,cyc_veh,agent_b_first,0.1814,0.3502,0.9242,0.0,0.9434,2.25,0.0,0.0,262,1369,cyclist
262,1980,cyclist,pedestrian,ped_veh,agent_a_first,-0.3598,0.6003,8.3165,2.3013,0.246,0.35,0.29296,0.064046,262,1980,pedestrian
265,1351,pedestrian,truck,ped_veh,agent_a_first,6.1302,0.4002,0.1536,0.0,2.4291,,0.54248,0.030289,265,1351,truck
271,1348,cyclist,pedestrian,ped_veh,agent_a_first,-5.8883,1.0506,52.5343,0.0,6.3605,0.45,0.0,0.0,271,1348,pedestrian
271,1369,cyclist,cyclist,cyc_veh,agent_a_first,1.3171,0.3502,0.3648,0.0,0.3747,,0.0,0.0,271,1369,cyclist
271,1719,cyclist,pedestrian,ped_veh,agent_a_first,9.5541,1.1006,2.3325,0.1001,2.8235,0.3,0.01499,0.003278,271,1719,pedestrian
279,288,lcv,pedestrian,ped_veh,agent_a_first,2.8285,0.6504,3.22,0.4002,1.1316,,0.0,0.0,279,288,pedestrian
279,1980,lcv,pedestrian,ped_veh,unresolved_conflict_zone,-1.7624,0.0,0.0615,0.7504,1.3967,,0.10407,0.00698,279,1980,pedestrian
321,324,pedestrian,cyclist,ped_veh,unresolved_conflict_zone,0.1203,0.6504,0.1661,0.1501,0.3307,0.2,0.15886,0.034729,321,324,cyclist
324,326,cyclist,pedestrian,ped_veh,agent_b_first,0.4086,0.05,0.0977,0.0,0.1746,0.05,0.43864,0.095893,324,326,pedestrian
324,329,cyclist,pedestrian,ped_veh,agent_b_first,-0.5158,1.1006,0.0399,0.0,0.1016,0.05,0.74329,0.162495,324,329,pedestrian
324,330,cyclist,pedestrian,ped_veh,agent_b_first,-0.4288,1.7009,1.883,0.4502,1.1687,1.3,0.0,0.0,324,330,pedestrian
324,334,cyclist,motorcycle,cyc_veh,agent_b_first,-0.0834,3.9522,4.8806,0.0,0.5764,2.45,0.00989,0.001655,324,334,motorcycle
324,336,cyclist,pedestrian,ped_veh,agent_a_first,5.9406,2.4013,2.8265,0.7004,1.3465,0.4,0.00057,0.000124,324,336,pedestrian
324,342,cyclist,pedestrian,ped_veh,agent_b_first,-0.7171,0.3002,0.8793,0.0,0.8796,1.0,0.00115,0.000252,324,342,pedestrian
324,344,cyclist,cyclist,cyc_veh,agent_b_first,-0.2947,3.3018,4.1507,0.0,1.0001,,0.0,0.0,324,344,cyclist
324,345,cyclist,cyclist,cyc_veh,agent_b_first,-4.5283,0.2001,1.4449,0.0,0.6526,0.8,1e-05,2e-06,324,345,cyclist
324,346,cyclist,pedestrian,ped_veh,unresolved_conflict_zone,1.761,0.8004,0.0641,0.0,0.7919,0.7,0.00817,0.001785,324,346,pedestrian
324,349,cyclist,lcv,cyc_veh,unresolved_conflict_zone,-0.5466,0.3002,0.9366,0.05,1.219,0.55,0.38762,0.024726,324,349,lcv
324,1388,cyclist,pedestrian,ped_veh,agent_a_first,0.9342,0.0,0.2277,0.0,1.1898,1.4,0.00998,0.002181,324,1388,pedestrian
324,1400,cyclist,pedestrian,ped_veh,agent_a_first,-0.2362,0.3002,7.1941,0.3002,0.643,0.3,0.0,0.0,324,1400,pedestrian
324,1401,cyclist,pedestrian,ped_veh,agent_a_first,0.4532,0.3502,2.0969,0.5003,0.8087,2.2,0.0,0.0,324,1401,pedestrian
324,1739,cyclist,pedestrian,ped_veh,agent_b_first,-0.3631,1.1506,4.9235,1.3507,1.0439,,0.0,0.0,324,1739,pedestrian
324,1982,cyclist,pedestrian,ped_veh,agent_b_first,-1.1698,0.0,0.6751,0.3502,1.1459,,0.0,0.0,324,1982,pedestrian
328,330,motorcycle,pedestrian,ped_veh,agent_a_first,-3.5803,0.5003,1.1698,0.0,1.2285,1.5,0.0,0.0,328,330,pedestrian
330,334,pedestrian,motorcycle,ped_veh,agent_a_first,-0.2264,0.2501,0.6229,0.3502,0.8032,0.6,0.00085,0.00017,330,334,motorcycle
330,344,pedestrian,cyclist,ped_veh,agent_a_first,1.5768,0.0,0.3471,0.4002,0.5545,0.95,0.01742,0.003807,330,344,cyclist
334,336,motorcycle,pedestrian,ped_veh,agent_a_first,-2.2407,3.3018,6.5643,1.0506,0.4338,,0.0,0.0,334,336,pedestrian
334,339,motorcycle,pedestrian,ped_veh,agent_a_first,0.293,0.3502,0.2561,0.0,0.8308,,0.0,0.0,334,339,pedestrian
334,342,motorcycle,pedestrian,ped_veh,agent_b_first,1.4367,0.5003,0.0115,0.0,0.3014,,0.04513,0.009085,334,342,pedestrian
334,345,motorcycle,cyclist,cyc_veh,agent_b_first,-5.1818,0.2001,3.0109,0.2501,1.273,,0.0,0.0,334,345,cyclist
334,1388,motorcycle,pedestrian,ped_veh,agent_a_first,-7.57,2.4013,1.5755,0.0,1.9268,,0.0,0.0,334,1388,pedestrian
334,1390,motorcycle,pedestrian,ped_veh,agent_a_first,1.9426,2.3513,3.2925,1.2007,0.7263,0.6,0.00359,0.000723,334,1390,pedestrian
334,1400,motorcycle,pedestrian,ped_veh,agent_a_first,-0.9213,0.6003,2.4011,0.5003,0.2509,1.05,0.00015,3e-05,334,1400,pedestrian
334,1739,motorcycle,pedestrian,ped_veh,agent_a_first,1.1065,0.3002,1.4265,0.4502,0.6563,0.45,0.00352,0.000709,334,1739,pedestrian
334,2009,motorcycle,pedestrian,ped_veh,agent_a_first,-1.1079,0.8004,1.5419,0.1501,1.2316,,0.0,0.0,334,2009,pedestrian
336,344,pedestrian,cyclist,ped_veh,agent_b_first,1.025,1.9511,0.9841,0.0,1.3325,,0.0,0.0,336,344,cyclist
336,345,pedestrian,cyclist,ped_veh,unresolved_conflict_zone,-0.8147,0.7004,0.0259,0.0,0.0898,0.05,0.90068,0.196904,336,345,cyclist
336,349,pedestrian,lcv,ped_veh,agent_b_first,-0.0369,2.2512,1.5316,0.4002,1.9343,1.95,3e-05,2e-06,336,349,lcv
336,359,pedestrian,cyclist,ped_veh,agent_b_first,-2.6752,0.0,6.276,0.2001,1.4454,1.6,0.0,0.0,336,359,cyclist
336,370,pedestrian,lcv,ped_veh,agent_b_first,-9.4959,0.4502,5.1328,0.0,2.0006,1.05,0.07237,0.004853,336,370,lcv
336,1406,pedestrian,motorcycle,ped_veh,agent_b_first,14.2928,0.7504,34.9387,0.3502,1.2252,,1e-05,3e-06,336,1406,motorcycle
336,1745,pedestrian,lcv,ped_veh,agent_b_first,-1.2896,1.4508,1.3992,0.0,1.0971,1.25,0.04331,0.002904,336,1745,lcv
339,344,pedestrian,cyclist,ped_veh,agent_b_first,-1.5131,0.05,2.4028,0.0,0.8018,,0.0,0.0,339,344,cyclist
339,349,pedestrian,lcv,ped_veh,unresolved_conflict_zone,2.6344,0.0,0.5108,0.0,0.8712,0.95,0.08382,0.005621,339,349,lcv
339,359,pedestrian,cyclist,ped_veh,unresolved_conflict_zone,0.3028,1.7009,0.4646,0.5003,0.1015,0.15,0.70312,0.153713,339,359,cyclist
344,345,cyclist,cyclist,cyc_veh,agent_b_first,1.4559,0.1001,0.6952,0.0,1.281,,0.0,0.0,344,345,cyclist
344,1388,cyclist,pedestrian,ped_veh,agent_a_first,-7.9946,2.9016,2.6985,0.0,2.0533,,0.0,0.0,344,1388,pedestrian
344,1390,cyclist,pedestrian,ped_veh,agent_a_first,-0.1645,3.1517,4.3632,1.4008,1.7753,,0.00054,0.000118,344,1390,pedestrian
344,1400,cyclist,pedestrian,ped_veh,agent_a_first,0.6534,1.751,1.6412,0.1501,0.3022,0.25,0.02351,0.00514,344,1400,pedestrian
344,1739,cyclist,pedestrian,ped_veh,unresolved_conflict_zone,2.5634,0.0,0.0741,0.1001,0.5577,,0.18597,0.040656,344,1739,pedestrian
344,2009,cyclist,pedestrian,ped_veh,agent_a_first,0.1763,0.2001,1.5049,0.0,1.0021,,0.0,0.0,344,2009,pedestrian
345,1388,cyclist,pedestrian,ped_veh,agent_a_first,-0.0718,1.0506,1.2579,0.0,0.3858,0.25,0.45884,0.10031,345,1388,pedestrian
345,1739,cyclist,pedestrian,ped_veh,agent_a_first,-0.3695,0.7504,1.1244,0.0,1.3125,1.1,0.0,0.0,345,1739,pedestrian
346,349,pedestrian,lcv,ped_veh,unresolved_conflict_zone,1.9791,0.0,0.1336,0.0,1.3246,1.1,0.05217,0.003499,346,349,lcv
349,1388,lcv,pedestrian,ped_veh,agent_a_first,1.9137,0.7504,3.9468,0.3502,1.719,1.9,0.00059,4e-05,349,1388,pedestrian
349,1401,lcv,pedestrian,ped_veh,agent_b_first,-5.0682,0.1001,3.8676,0.5003,1.2733,1.55,1e-05,0.0,349,1401,pedestrian
359,360,cyclist,pedestrian,ped_veh,agent_b_first,-3.2324,0.6003,1.1056,0.0,1.2931,2.25,0.0,1e-06,359,360,pedestrian
359,1388,cyclist,pedestrian,ped_veh,agent_a_first,2.6249,0.0,0.4207,0.0,1.5716,1.45,1e-05,1e-06,359,1388,pedestrian
359,1400,cyclist,pedestrian,ped_veh,agent_a_first,15.9472,0.2501,2.3628,0.0,2.0571,3.2,0.0,0.0,359,1400,pedestrian
359,1401,cyclist,pedestrian,ped_veh,agent_a_first,-1.1426,0.2501,3.4906,0.4502,1.0983,2.5,0.0,0.0,359,1401,pedestrian
359,1402,cyclist,pedestrian,ped_veh,agent_b_first,-4.1497,0.5003,1.3992,0.1001,0.4418,,0.01406,0.003073,359,1402,pedestrian
359,1403,cyclist,pedestrian,ped_veh,agent_b_first,-7.3036,0.8505,1.163,0.2501,1.4447,8.7,0.00169,0.00037,359,1403,pedestrian
370,1740,lcv,pedestrian,ped_veh,agent_a_first,1.3439,2.3513,2.5138,0.0,1.2369,0.6,0.08663,0.00581,370,1740,pedestrian
370,1743,lcv,pedestrian,ped_veh,agent_a_first,1.7958,1.9511,1.8087,0.0,1.8702,1.05,0.12731,0.008538,370,1743,pedestrian
370,1745,lcv,lcv,veh_veh,unresolved_conflict_zone,-0.2697,2.0011,0.1908,0.0,0.7204,,0.17239,0.006774,370,1745,lcv
382,444,pedestrian,lcv,ped_veh,agent_b_first,-0.9485,1.7009,4.646,1.0006,0.9227,,0.1597,0.010711,382,444,lcv
382,471,pedestrian,cyclist,ped_veh,unresolved_conflict_zone,2.9082,0.0,0.3894,0.0,1.0319,2.2,1e-05,2e-06,382,471,cyclist
382,473,pedestrian,cyclist,ped_veh,unresolved_conflict_zone,1.776,2.2512,0.033,0.4002,0.281,,0.0,0.0,382,473,cyclist
382,475,pedestrian,cyclist,ped_veh,agent_a_first,1.1558,0.1501,0.1064,0.2501,0.2293,0.55,0.00026,5.8e-05,382,475,cyclist
382,1745,pedestrian,lcv,ped_veh,agent_a_first,-3.8429,0.1501,1.6207,0.0,2.4814,1.15,1e-05,1e-06,382,1745,lcv
382,1776,pedestrian,cyclist,ped_veh,agent_a_first,0.3929,0.1001,0.5867,0.3002,0.817,,0.0,0.0,382,1776,cyclist
384,1405,pedestrian,car,ped_veh,agent_a_first,0.4116,0.3502,0.8063,0.0,0.9541,,0.00572,0.000555,384,1405,car
387,1745,pedestrian,lcv,ped_veh,unresolved_conflict_zone,2.3284,1.4008,0.1818,0.0,0.4272,0.2,0.33049,0.022165,387,1745,lcv
401,434,pedestrian,auto_rickshaw,ped_veh,agent_b_first,0.981,0.3002,4.2464,0.0,3.5729,,0.0,0.0,401,434,auto_rickshaw
401,444,pedestrian,lcv,ped_veh,agent_b_first,1.4151,1.5008,0.1515,0.5003,0.391,,3e-05,2e-06,401,444,lcv
417,1420,car,pedestrian,ped_veh,agent_a_first,0.2719,2.6515,2.7722,0.0,1.792,0.9,0.0145,0.001406,417,1420,pedestrian
417,1758,car,pedestrian,ped_veh,agent_b_first,-0.7242,0.1001,0.0632,0.0,0.4389,0.55,0.00633,0.000615,417,1758,pedestrian
417,2015,car,pedestrian,ped_veh,agent_a_first,2.0533,0.1001,0.5316,0.0,1.1962,,0.0,0.0,417,2015,pedestrian
434,1421,auto_rickshaw,pedestrian,ped_veh,agent_a_first,-16.2147,0.8004,3.0293,0.0,3.2904,,0.0,0.0,434,1421,pedestrian
444,1417,lcv,pedestrian,ped_veh,agent_a_first,-0.5541,0.7004,0.6012,0.1501,0.9551,,0.00196,0.000132,444,1417,pedestrian
444,1421,lcv,pedestrian,ped_veh,agent_a_first,0.8831,2.3013,3.0499,1.1006,1.0975,,0.00219,0.000147,444,1421,pedestrian
444,1759,lcv,pedestrian,ped_veh,agent_a_first,-0.1932,2.0011,1.5746,1.0506,1.0331,,0.00418,0.00028,444,1759,pedestrian
456,464,pedestrian,lcv,ped_veh,unresolved_conflict_zone,-1.1728,2.0011,0.4279,0.8505,0.1384,1.5,0.10283,0.006897,456,464,lcv
456,470,pedestrian,lcv,ped_veh,agent_b_first,4.1245,1.751,1.9665,0.8505,1.8591,1.1,0.00976,0.000655,456,470,lcv
456,471,pedestrian,cyclist,ped_veh,agent_b_first,9.8008,0.3002,0.031,0.0,1.3354,,0.0,0.0,456,471,cyclist
456,473,pedestrian,cyclist,ped_veh,agent_b_first,0.8025,0.7004,1.6944,0.0,1.0142,0.9,0.03568,0.007799,456,473,cyclist
456,475,pedestrian,cyclist,ped_veh,agent_b_first,17.1291,2.6515,0.6995,0.05,1.1431,1.3,0.0,0.0,456,475,cyclist
456,487,pedestrian,lcv,ped_veh,agent_b_first,0.9824,2.5014,1.6379,0.8004,0.935,0.95,0.00472,0.000316,456,487,lcv
456,488,pedestrian,cyclist,ped_veh,agent_b_first,6.1683,1.2007,2.3136,0.2001,1.0359,3.35,0.0,0.0,456,488,cyclist
456,490,pedestrian,cyclist,ped_veh,agent_b_first,4.2114,0.7504,0.6185,0.0,1.0961,,0.00048,0.000105,456,490,cyclist
456,493,pedestrian,cyclist,ped_veh,agent_b_first,-0.639,1.4008,0.4809,0.2001,0.6429,1.0,0.10352,0.022631,456,493,cyclist
456,495,pedestrian,cyclist,ped_veh,agent_b_first,3.4138,1.0506,1.1838,0.0,0.7746,0.35,0.13407,0.02931,456,495,cyclist
456,496,pedestrian,cyclist,ped_veh,agent_b_first,-3.327,0.05,1.7509,0.0,2.5649,2.25,0.0,0.0,456,496,cyclist
456,504,pedestrian,lcv,ped_veh,agent_b_first,-2.342,0.05,2.6988,0.05,1.1275,0.2,0.07731,0.005185,456,504,lcv
456,513,pedestrian,cyclist,ped_veh,agent_a_first,18.7486,0.05,3.7575,0.0,1.6728,,0.0,0.0,456,513,cyclist
456,523,pedestrian,cyclist,ped_veh,agent_b_first,0.5279,0.5003,0.6819,0.3002,0.644,,0.00885,0.001936,456,523,cyclist
456,527,pedestrian,cyclist,ped_veh,agent_b_first,-1.9176,0.1001,0.0528,0.0,0.3303,0.85,0.25243,0.055185,456,527,cyclist
456,1773,pedestrian,cyclist,ped_veh,agent_b_first,-2.5286,0.0,1.2524,0.1001,0.6176,,0.0,0.0,456,1773,cyclist
456,1774,pedestrian,lcv,ped_veh,agent_b_first,5.0811,2.6515,9.4109,0.0,3.2299,0.75,2e-05,1e-06,456,1774,lcv
456,1776,pedestrian,cyclist,ped_veh,agent_b_first,-1.7779,1.851,1.28,0.2501,1.0526,1.25,8e-05,1.7e-05,456,1776,cyclist
457,464,pedestrian,lcv,ped_veh,agent_b_first,-0.8874,0.5503,0.2246,1.0506,0.2505,0.3,0.18555,0.012445,457,464,lcv
457,470,pedestrian,lcv,ped_veh,agent_a_first,0.4428,0.1501,1.7393,1.0006,1.262,0.6,0.04841,0.003247,457,470,lcv
457,471,pedestrian,cyclist,ped_veh,unresolved_conflict_zone,16.6729,0.0,0.0059,0.0,1.4706,,0.0,0.0,457,471,cyclist
457,473,pedestrian,cyclist,ped_veh,agent_b_first,-1.9168,0.7004,0.8891,0.0,0.908,1.15,0.00097,0.000212,457,473,cyclist
457,475,pedestrian,cyclist,ped_veh,agent_b_first,-1.2334,1.4508,1.3947,0.05,0.8377,,0.0,0.0,457,475,cyclist
457,487,pedestrian,lcv,ped_veh,agent_b_first,1.986,1.6509,0.7095,0.1001,0.9627,0.6,0.05191,0.003482,457,487,lcv
457,488,pedestrian,cyclist,ped_veh,agent_b_first,0.3507,1.2007,3.029,0.2001,1.5476,3.0,0.0,0.0,457,488,cyclist
457,493,pedestrian,cyclist,ped_veh,agent_b_first,0.4239,0.05,0.2096,0.1501,0.7536,0.8,0.04424,0.009671,457,493,cyclist
457,495,pedestrian,cyclist,ped_veh,agent_b_first,1.9657,1.3007,0.1476,0.0,0.2967,0.1,0.16568,0.036221,457,495,cyclist
457,496,pedestrian,cyclist,ped_veh,agent_b_first,-1.1371,0.5503,1.2729,0.0,2.2513,1.35,0.0,0.0,457,496,cyclist
457,501,pedestrian,cyclist,ped_veh,agent_b_first,3.1987,0.0,0.4362,0.4002,1.1109,,0.00287,0.000628,457,501,cyclist
457,504,pedestrian,lcv,ped_veh,agent_a_first,-0.4942,1.4508,0.7643,0.2001,1.1295,0.75,0.00294,0.000197,457,504,lcv
457,523,pedestrian,cyclist,ped_veh,unresolved_conflict_zone,0.2664,0.5503,0.0018,0.2501,0.3648,,0.00959,0.002096,457,523,cyclist
457,527,pedestrian,cyclist,ped_veh,unresolved_conflict_zone,-1.4721,0.05,0.1742,0.05,0.4636,,0.2686,0.058719,457,527,cyclist
457,1769,pedestrian,cyclist,ped_veh,agent_b_first,-0.033,0.0,0.6282,0.2001,0.5575,,3e-05,6e-06,457,1769,cyclist
457,1774,pedestrian,lcv,ped_veh,agent_b_first,1.3528,2.7515,4.3873,0.0,3.4859,0.7,0.00072,4.8e-05,457,1774,lcv
457,1776,pedestrian,cyclist,ped_veh,agent_b_first,-7.2097,0.7004,2.3129,0.1501,1.5566,2.6,0.0,0.0,457,1776,cyclist
464,470,lcv,lcv,veh_veh,agent_b_first,-1.1367,1.1506,1.6656,0.0,0.8196,1.4,0.06551,0.002574,464,470,lcv
464,471,lcv,cyclist,cyc_veh,unresolved_conflict_zone,4.6186,0.0,0.0224,0.0,2.2557,1.65,0.0002,1.3e-05,464,471,cyclist
464,1768,lcv,pedestrian,ped_veh,agent_b_first,0.5555,0.0,0.4074,1.1006,0.3717,0.3,0.19907,0.013351,464,1768,pedestrian
470,473,lcv,cyclist,cyc_veh,agent_a_first,0.839,1.4508,0.0155,0.0,1.112,0.8,0.0,0.0,470,473,cyclist
470,476,lcv,pedestrian,ped_veh,agent_b_first,-4.0949,0.0,15.191,0.0,1.2033,,0.00107,7.2e-05,470,476,pedestrian
470,478,lcv,lcv,veh_veh,agent_a_first,2.2725,0.0,0.2217,0.0,0.6007,,0.01503,0.000591,470,478,lcv
470,1431,lcv,pedestrian,ped_veh,agent_b_first,0.762,0.0,0.7215,0.1501,0.6885,0.75,0.0,0.0,470,1431,pedestrian
470,1768,lcv,pedestrian,ped_veh,agent_b_first,2.2301,0.0,0.2937,0.8505,2.3954,0.65,0.09999,0.006706,470,1768,pedestrian
471,473,cyclist,cyclist,cyc_veh,agent_b_first,-0.4018,1.5008,0.2997,0.4502,0.4177,0.5,0.2025,0.03581,471,473,cyclist
471,1431,cyclist,pedestrian,ped_veh,agent_b_first,-1.7956,0.1501,0.2792,0.0,0.1573,0.05,0.38129,0.083356,471,1431,pedestrian
471,1768,cyclist,pedestrian,ped_veh,agent_a_first,13.5278,0.05,1.7979,0.0,2.0052,,0.0,0.0,471,1768,pedestrian
473,475,cyclist,cyclist,cyc_veh,agent_b_first,-1.0262,0.9005,1.9321,0.0,0.4648,,0.22694,0.040132,473,475,cyclist
473,1431,cyclist,pedestrian,ped_veh,agent_b_first,0.7698,1.1006,0.1484,0.6504,0.2795,0.2,0.27859,0.060905,473,1431,pedestrian
473,1768,cyclist,pedestrian,ped_veh,agent_a_first,1.0033,0.4502,0.9056,0.0,0.9552,,0.00025,5.5e-05,473,1768,pedestrian
475,485,cyclist,pedestrian,ped_veh,agent_a_first,-2.6698,0.05,3.6822,0.0,0.9756,2.0,0.0,0.0,475,485,pedestrian
475,1418,cyclist,pedestrian,ped_veh,agent_a_first,4.8313,0.1501,9.0188,0.0,1.1766,1.2,0.0,0.0,475,1418,pedestrian
475,1421,cyclist,pedestrian,ped_veh,agent_a_first,0.6966,2.1012,10.9738,0.0,3.1574,1.0,0.0,0.0,475,1421,pedestrian
475,1768,cyclist,pedestrian,ped_veh,agent_a_first,0.8846,2.0511,3.1212,0.05,1.2313,,0.0,0.0,475,1768,pedestrian
485,489,pedestrian,cyclist,ped_veh,agent_b_first,4.0253,0.6504,2.4816,1.2007,1.2216,0.65,0.0,0.0,485,489,cyclist
485,508,pedestrian,cyclist,ped_veh,agent_a_first,0.4023,0.5003,2.8191,0.0,2.8033,1.35,0.0,0.0,485,508,cyclist
485,513,pedestrian,cyclist,ped_veh,agent_b_first,1.9863,0.1501,0.1643,0.1501,0.808,,0.0,0.0,485,513,cyclist
485,1769,pedestrian,cyclist,ped_veh,agent_b_first,2.9876,0.7004,0.2567,0.0,0.5821,,0.0,0.0,485,1769,cyclist
485,1773,pedestrian,cyclist,ped_veh,agent_b_first,-1.0842,0.1001,1.6351,0.3502,1.2149,,0.0,0.0,485,1773,cyclist
487,493,lcv,cyclist,cyc_veh,agent_b_first,2.3739,0.9005,0.3157,0.0,1.5619,1.15,0.0021,0.000134,487,493,cyclist
487,494,lcv,truck,veh_veh,agent_a_first,-0.7167,1.6509,0.6675,0.0,0.8783,,0.36116,0.012703,487,494,truck
487,495,lcv,cyclist,cyc_veh,unresolved_conflict_zone,5.5505,0.1001,0.0016,0.0,0.3692,1.5,0.01116,0.000712,487,495,cyclist
487,496,lcv,cyclist,cyc_veh,agent_b_first,-2.9992,0.6504,1.174,0.0,2.5638,0.4,0.02038,0.0013,487,496,cyclist
487,501,lcv,cyclist,cyc_veh,agent_b_first,-5.2557,0.9505,1.3242,0.0,1.4309,0.85,0.01925,0.001228,487,501,cyclist
487,523,lcv,cyclist,cyc_veh,agent_a_first,-2.4289,0.8004,0.9181,0.0,1.6752,0.8,0.0,0.0,487,523,cyclist
487,527,lcv,cyclist,cyc_veh,agent_a_first,-3.1406,0.3002,0.3009,0.0,0.8497,0.95,0.0,0.0,487,527,cyclist
487,1768,lcv,pedestrian,ped_veh,agent_a_first,-0.3954,0.3002,2.3307,0.1001,1.1399,0.6,0.14543,0.009753,487,1768,pedestrian
487,1773,lcv,cyclist,cyc_veh,agent_b_first,-1.7453,0.9505,2.7044,0.0,1.964,0.45,0.00244,0.000156,487,1773,cyclist
488,1418,cyclist,pedestrian,ped_veh,agent_a_first,8.0037,0.0,2.7474,0.0,1.6907,1.45,0.0,0.0,488,1418,pedestrian
488,1421,cyclist,pedestrian,ped_veh,agent_a_first,3.9521,0.8004,17.3626,0.0,1.7629,1.0,0.0,0.0,488,1421,pedestrian
488,1768,cyclist,pedestrian,ped_veh,agent_a_first,1.3351,1.6009,3.1064,0.2001,1.7796,,0.0,0.0,488,1768,pedestrian
488,1776,cyclist,cyclist,cyc_veh,agent_a_first,0.8703,0.0,0.5411,0.2501,0.4513,0.4,0.08709,0.015401,488,1776,cyclist
489,1418,cyclist,pedestrian,ped_veh,agent_a_first,11.9621,0.1501,1.1869,0.0,1.052,0.65,0.0,0.0,489,1418,pedestrian
489,1771,cyclist,pedestrian,ped_veh,agent_b_first,4.3797,0.9005,1.0978,0.2501,1.143,0.45,0.0,0.0,489,1771,pedestrian
493,499,cyclist,cyclist,cyc_veh,agent_b_first,-4.6337,0.2001,0.8373,0.1001,1.0079,,0.0,0.0,493,499,cyclist
493,501,cyclist,cyclist,cyc_veh,agent_b_first,3.0323,0.8505,0.5851,0.0,0.9507,,1e-05,2e-06,493,501,cyclist
493,1768,cyclist,pedestrian,ped_veh,unresolved_conflict_zone,-2.8029,0.0,0.0415,0.05,0.9018,1.6,0.00572,0.00125,493,1768,pedestrian
493,1774,cyclist,lcv,cyc_veh,agent_b_first,-0.1682,1.6009,1.3497,0.0,1.1769,0.7,0.0,0.0,493,1774,lcv
494,496,truck,cyclist,cyc_veh,agent_b_first,-1.0919,0.6504,12.9082,0.0,0.6753,0.05,0.11604,0.006217,494,496,cyclist
494,517,truck,lcv,veh_veh,unresolved_conflict_zone,-0.6841,2.1512,0.1768,0.0,0.3808,0.05,0.44517,0.015658,494,517,lcv
494,534,truck,pedestrian,ped_veh,agent_a_first,-1.959,5.503,1.3882,1.7009,3.6767,0.8,1e-05,1e-06,494,534,pedestrian
494,540,truck,cyclist,cyc_veh,agent_b_first,14.5599,1.9511,1.8269,0.0,4.1587,,0.00011,6e-06,494,540,cyclist
494,546,truck,car,veh_veh,unresolved_conflict_zone,1.6925,0.05,0.5715,0.0,0.6326,,0.01271,0.00053,494,546,car
494,549,truck,cyclist,cyc_veh,agent_a_first,-3.398,0.7004,0.93,0.0,1.3606,,0.00146,7.8e-05,494,549,cyclist
494,554,truck,pedestrian,ped_veh,agent_a_first,11.7195,0.0,6.3531,0.2001,3.6589,0.8,3e-05,1e-06,494,554,pedestrian
494,556,truck,pedestrian,ped_veh,agent_b_first,-12.9378,0.0,1.539,0.7504,1.9201,,0.00112,6.3e-05,494,556,pedestrian
494,558,truck,pedestrian,ped_veh,agent_a_first,-1.0066,1.0006,0.6047,0.05,2.6907,,0.00058,3.3e-05,494,558,pedestrian
494,564,truck,pedestrian,ped_veh,agent_a_first,-10.1872,0.6003,2.3304,0.0,3.0186,,0.00011,6e-06,494,564,pedestrian
494,1427,truck,pedestrian,ped_veh,agent_b_first,3.7741,0.0,0.322,0.0,0.8264,0.65,0.00705,0.000393,494,1427,pedestrian
494,1774,truck,lcv,veh_veh,agent_a_first,-9.47,0.1501,0.6034,0.0,0.9954,,0.02621,0.000922,494,1774,lcv
494,1783,truck,lcv,veh_veh,agent_a_first,6.6055,5.403,14.6353,2.1012,6.2377,0.8,1e-05,0.0,494,1783,lcv
494,1791,truck,motorcycle,veh_veh,unresolved_conflict_zone,-16.2703,0.0,0.2883,0.05,2.2428,1.65,0.0002,1.1e-05,494,1791,motorcycle
494,1792,truck,pedestrian,ped_veh,agent_a_first,-1.9551,4.1023,5.2908,1.751,4.9604,1.0,0.0,0.0,494,1792,pedestrian
495,503,cyclist,pedestrian,ped_veh,agent_a_first,-4.483,0.4502,2.746,0.2001,0.9375,,0.0,0.0,495,503,pedestrian
495,1768,cyclist,pedestrian,ped_veh,agent_a_first,-4.0236,0.1501,1.1768,0.0,1.0546,0.1,0.05283,0.01155,495,1768,pedestrian
495,1773,cyclist,cyclist,cyc_veh,agent_a_first,1.6142,0.5003,0.6259,0.05,0.701,0.65,0.0,0.0,495,1773,cyclist
496,1768,cyclist,pedestrian,ped_veh,agent_a_first,3.2636,0.4002,0.3478,0.0,2.521,3.6,0.0,0.0,496,1768,pedestrian
496,1773,cyclist,cyclist,cyc_veh,agent_b_first,0.1342,1.2507,1.745,0.0,1.7746,,0.0,0.0,496,1773,cyclist
503,523,pedestrian,cyclist,ped_veh,agent_b_first,3.5213,0.2501,0.2863,0.05,0.4155,,0.00027,5.9e-05,503,523,cyclist
503,527,pedestrian,cyclist,ped_veh,agent_b_first,1.3526,0.2501,0.1045,0.2001,0.2588,,0.12724,0.027818,503,527,cyclist
504,523,lcv,cyclist,cyc_veh,agent_b_first,2.5952,0.6003,0.1091,0.0,0.4475,0.05,0.50385,0.032141,504,523,cyclist
504,527,lcv,cyclist,cyc_veh,unresolved_conflict_zone,1.9631,0.0,0.2076,0.0,0.487,0.05,0.43596,0.02781,504,527,cyclist
504,1768,lcv,pedestrian,ped_veh,agent_a_first,5.91,0.1001,1.9945,0.2001,2.6293,1.15,0.00035,2.3e-05,504,1768,pedestrian
506,508,pedestrian,cyclist,ped_veh,agent_a_first,5.8738,0.2501,2.0179,0.0,2.5085,1.55,0.0,0.0,506,508,cyclist
517,534,lcv,pedestrian,ped_veh,agent_b_first,2.9772,1.0006,0.2344,1.3007,1.3438,1.45,0.00021,1.4e-05,517,534,pedestrian
517,551,lcv,car,veh_veh,agent_a_first,-0.2054,0.2001,8.8876,0.0,0.7429,,0.00154,7.4e-05,517,551,car
517,554,lcv,pedestrian,ped_veh,agent_b_first,-25.3482,0.1001,3.584,0.0,1.8406,0.5,0.0,0.0,517,554,pedestrian
517,556,lcv,pedestrian,ped_veh,agent_b_first,-4.1157,0.0,1.6413,0.0,1.0228,2.75,8e-05,5e-06,517,556,pedestrian
517,557,lcv,car,veh_veh,agent_b_first,3.3832,0.05,3.0542,0.8505,0.8738,1.6,0.16522,0.007875,517,557,car
517,558,lcv,pedestrian,ped_veh,agent_a_first,2.7728,0.3502,0.0238,0.0,1.0597,1.2,0.0002,1.4e-05,517,558,pedestrian
517,561,lcv,pedestrian,ped_veh,agent_a_first,-1.5658,1.5509,1.6412,1.0006,1.174,0.85,0.0,0.0,517,561,pedestrian
517,564,lcv,pedestrian,ped_veh,agent_a_first,3.4092,1.801,3.4087,0.2001,1.5206,0.4,0.01282,0.00086,517,564,pedestrian
517,566,lcv,cyclist,cyc_veh,agent_a_first,-0.5712,2.3513,1.777,1.1506,1.8165,,0.0,0.0,517,566,cyclist
517,573,lcv,pedestrian,ped_veh,agent_a_first,-4.9933,1.3007,2.3176,0.05,2.5519,0.45,0.04207,0.002822,517,573,pedestrian
517,576,lcv,cyclist,cyc_veh,agent_a_first,0.2122,1.3507,0.6914,0.2501,1.2787,1.05,0.0,0.0,517,576,cyclist
517,1783,lcv,lcv,veh_veh,agent_b_first,-1.1456,0.2001,1.1131,0.3002,2.2051,1.7,3e-05,1e-06,517,1783,lcv
517,1791,lcv,motorcycle,veh_veh,agent_a_first,2.5418,0.0,0.7009,0.9505,1.4179,0.35,0.13411,0.00842,517,1791,motorcycle
517,1792,lcv,pedestrian,ped_veh,agent_b_first,4.058,0.05,3.3343,0.2001,2.6821,1.6,0.0,0.0,517,1792,pedestrian
523,527,cyclist,cyclist,cyc_veh,agent_a_first,1.5189,0.0,0.3268,0.5003,0.6496,0.5,0.28714,0.050777,523,527,cyclist
523,531,cyclist,cyclist,cyc_veh,agent_a_first,1.9328,0.05,0.4483,0.4002,0.2894,0.5,2e-05,3e-06,523,531,cyclist
523,532,cyclist,pedestrian,ped_veh,agent_a_first,0.6403,0.5503,1.1406,0.2501,0.7741,,0.0,0.0,523,532,pedestrian
523,1768,cyclist,pedestrian,ped_veh,agent_a_first,0.3327,0.4502,0.5142,0.2501,0.7227,,0.00851,0.001861,523,1768,pedestrian
527,531,cyclist,cyclist,cyc_veh,agent_b_first,-0.4471,0.8004,0.2094,0.0,0.2623,0.5,0.01136,0.00201,527,531,cyclist
527,532,cyclist,pedestrian,ped_veh,agent_a_first,-1.4598,0.8505,1.4224,0.0,0.6149,,0.0473,0.010342,527,532,pedestrian
527,1768,cyclist,pedestrian,ped_veh,unresolved_conflict_zone,0.7389,0.5003,0.0264,0.0,0.177,0.05,0.42731,0.093417,527,1768,pedestrian
530,540,truck,cyclist,cyc_veh,agent_a_first,6.5734,0.1501,1.1735,0.0,4.2952,,0.0,0.0,530,540,cyclist
530,1783,truck,lcv,veh_veh,agent_a_first,346.351,1.901,103.2754,0.0,23.6015,0.75,0.00212,7.5e-05,530,1783,lcv
531,1768,cyclist,pedestrian,ped_veh,agent_a_first,-2.0203,1.0006,0.6225,0.5003,0.9336,0.35,0.35524,0.077661,531,1768,pedestrian
534,540,pedestrian,cyclist,ped_veh,agent_b_first,-13.4645,1.5509,9.7375,0.0,6.9396,0.9,0.0,0.0,534,540,cyclist
534,549,pedestrian,cyclist,ped_veh,unresolved_conflict_zone,2.3596,0.2001,0.0168,0.0,2.3805,,0.0,0.0,534,549,cyclist
534,551,pedestrian,car,ped_veh,agent_a_first,-1.3075,0.0,0.8506,1.1506,0.9879,2.1,0.0,0.0,534,551,car
534,566,pedestrian,cyclist,ped_veh,agent_a_first,-0.0514,0.0,0.1757,1.7009,0.8828,2.95,5e-05,1.1e-05,534,566,cyclist
534,576,pedestrian,cyclist,ped_veh,unresolved_conflict_zone,-0.8523,0.2001,0.0479,0.9005,0.3709,0.1,0.14163,0.030963,534,576,cyclist
534,584,pedestrian,lcv,ped_veh,agent_a_first,-2.1101,0.5503,3.0273,0.0,2.3,2.0,5e-05,3e-06,534,584,lcv
534,1783,pedestrian,lcv,ped_veh,agent_b_first,2.8627,0.3002,1.8625,0.0,2.8777,0.75,0.0268,0.001798,534,1783,lcv
534,1791,pedestrian,motorcycle,ped_veh,agent_b_first,1.2874,0.05,39.3834,1.2507,1.382,0.95,1e-05,1e-06,534,1791,motorcycle
540,1427,cyclist,pedestrian,ped_veh,agent_b_first,0.4853,0.1501,1.0432,0.0,1.8429,0.75,0.0,0.0,540,1427,pedestrian
540,1429,cyclist,pedestrian,ped_veh,agent_a_first,-0.2345,0.5503,1.0878,0.0,3.6688,0.65,0.0,0.0,540,1429,pedestrian
540,1783,cyclist,lcv,cyc_veh,agent_a_first,116.2917,1.2507,56.2388,0.3002,22.3596,1.0,0.0,0.0,540,1783,lcv
540,1792,cyclist,pedestrian,ped_veh,agent_a_first,-61.8642,1.1006,7.4898,0.0,4.9153,1.4,0.0,0.0,540,1792,pedestrian
551,557,car,car,veh_veh,agent_b_first,0.9091,0.1501,0.4088,0.0,0.9555,,0.02732,0.001657,551,557,car
551,561,car,pedestrian,ped_veh,agent_a_first,0.5044,0.7004,0.079,0.3502,0.2262,0.3,0.20832,0.02021,551,561,pedestrian
551,566,car,cyclist,cyc_veh,agent_b_first,0.5038,1.7009,0.8808,2.4513,0.467,0.75,0.05124,0.004598,551,566,cyclist
551,584,car,lcv,veh_veh,agent_a_first,-0.3617,0.0,0.0901,0.0,0.8768,,0.01485,0.000708,551,584,lcv
551,589,car,pedestrian,ped_veh,agent_b_first,1.029,0.6003,1.1738,1.4008,1.0905,0.4,0.03481,0.003377,551,589,pedestrian
551,592,car,pedestrian,ped_veh,agent_b_first,-2.6768,0.0,0.0612,0.2501,2.1239,,0.0,0.0,551,592,pedestrian
551,1455,car,pedestrian,ped_veh,agent_b_first,-1.4852,0.7504,0.9814,0.1001,0.745,0.8,0.01144,0.00111,551,1455,pedestrian
551,1784,car,lcv,veh_veh,agent_b_first,-0.3364,1.3507,0.5891,2.9016,1.3778,2.25,0.0,0.0,551,1784,lcv
551,1793,car,pedestrian,ped_veh,agent_b_first,-9.9886,0.0,0.2693,0.0,1.5754,1.1,0.0,0.0,551,1793,pedestrian
551,1798,car,pedestrian,ped_veh,agent_b_first,-2.5961,0.0,1.4632,0.5503,0.9793,1.15,0.0075,0.000727,551,1798,pedestrian
551,1799,car,pedestrian,ped_veh,agent_b_first,-1.0409,1.1506,1.2365,2.9516,1.1779,1.05,0.0,0.0,551,1799,pedestrian
551,1800,car,cyclist,cyc_veh,agent_b_first,-1.0659,2.3013,1.4339,0.0,0.5411,,0.00035,3.1e-05,551,1800,cyclist
551,1802,car,pedestrian,ped_veh,agent_a_first,5.5333,0.05,2.8621,0.0,2.2294,,0.00655,0.000636,551,1802,pedestrian
551,1807,car,pedestrian,ped_veh,agent_a_first,-2.6493,0.0,0.0359,0.0,0.1102,0.05,0.5327,0.051679,551,1807,pedestrian
554,555,pedestrian,motorcycle,ped_veh,agent_a_first,-4.3572,0.7504,0.1355,0.0,2.2991,,0.0,0.0,554,555,motorcycle
554,1791,pedestrian,motorcycle,ped_veh,agent_b_first,6.7224,0.1501,0.0281,0.0,1.4971,1.2,0.0,0.0,554,1791,motorcycle
554,1795,pedestrian,cyclist,ped_veh,agent_a_first,5.1997,0.05,1.3553,0.0,1.5736,,0.0,0.0,554,1795,cyclist
556,566,pedestrian,cyclist,ped_veh,agent_a_first,-11.1051,0.05,0.8819,0.0,1.0367,0.4,0.0,0.0,556,566,cyclist
556,1783,pedestrian,lcv,ped_veh,agent_a_first,39.8824,1.851,6.6911,0.0,1.2499,0.3,0.0019,0.000128,556,1783,lcv
556,1791,pedestrian,motorcycle,ped_veh,agent_a_first,2.0471,0.0,1.6081,0.0,0.8045,0.85,0.0,0.0,556,1791,motorcycle
557,566,car,cyclist,cyc_veh,agent_a_first,3.5718,0.7004,3.5904,0.0,2.0468,1.0,0.0,0.0,557,566,cyclist
558,566,pedestrian,cyclist,ped_veh,agent_a_first,3.0968,0.0,0.2612,0.0,0.6833,0.3,0.0,0.0,558,566,cyclist
558,1783,pedestrian,lcv,ped_veh,agent_b_first,-4.1198,0.0,0.2477,0.0,1.4309,1.0,0.0003,2e-05,558,1783,lcv
558,1791,pedestrian,motorcycle,ped_veh,agent_a_first,0.741,0.1001,1.4943,0.4502,0.8184,0.95,3e-05,7e-06,558,1791,motorcycle
561,576,pedestrian,cyclist,ped_veh,agent_b_first,-0.0895,0.3002,0.3547,1.1506,0.8208,1.25,0.00044,9.6e-05,561,576,cyclist
561,1783,pedestrian,lcv,ped_veh,unresolved_conflict_zone,-0.5189,0.0,0.2954,0.0,0.2788,0.05,0.59883,0.040162,561,1783,lcv
561,1784,pedestrian,lcv,ped_veh,agent_a_first,2.7297,0.3502,0.3365,0.0,0.7781,0.7,0.59433,0.039861,561,1784,lcv
561,1791,pedestrian,motorcycle,ped_veh,agent_a_first,0.7169,0.0,0.1771,0.9505,1.217,1.1,0.0,0.0,561,1791,motorcycle
564,576,pedestrian,cyclist,ped_veh,agent_b_first,-2.7722,0.2001,0.472,0.0,1.2506,0.85,0.0,0.0,564,576,cyclist
564,1791,pedestrian,motorcycle,ped_veh,agent_b_first,0.0954,0.0,0.892,1.4508,1.0333,0.55,0.04108,0.008269,564,1791,motorcycle
566,576,cyclist,cyclist,cyc_veh,unresolved_conflict_zone,0.5886,0.0,0.1158,0.2001,0.7345,,0.0,0.0,566,576,cyclist
566,584,cyclist,lcv,cyc_veh,agent_b_first,-1.8364,0.8004,0.9022,0.7504,0.6526,0.35,0.06025,0.003843,566,584,lcv
566,589,cyclist,pedestrian,ped_veh,agent_a_first,-0.8846,0.05,1.1209,0.4502,0.6053,,0.0,0.0,566,589,pedestrian
566,591,cyclist,pedestrian,ped_veh,agent_b_first,-1.9506,0.2501,5.6784,0.1501,1.3538,,0.0,0.0,566,591,pedestrian
566,592,cyclist,pedestrian,ped_veh,agent_b_first,-8.2533,0.8505,6.3365,0.2001,1.8625,0.7,0.0,0.0,566,592,pedestrian
566,1455,cyclist,pedestrian,ped_veh,agent_b_first,-1.7834,0.1501,0.6446,0.05,1.1294,,0.0,0.0,566,1455,pedestrian
566,1784,cyclist,lcv,cyc_veh,unresolved_conflict_zone,-2.7999,0.0,1.5897,0.0,1.1902,0.05,0.34724,0.02215,566,1784,lcv
566,1791,cyclist,motorcycle,cyc_veh,unresolved_conflict_zone,-0.0831,0.0,0.0897,0.3502,1.6088,,0.0,0.0,566,1791,motorcycle
566,1792,cyclist,pedestrian,ped_veh,agent_a_first,-1.283,0.8505,0.3067,0.0,0.5016,,5e-05,1.2e-05,566,1792,pedestrian
566,1793,cyclist,pedestrian,ped_veh,agent_b_first,0.69,0.0,0.6288,0.3502,0.4816,0.55,0.0,0.0,566,1793,pedestrian
566,1798,cyclist,pedestrian,ped_veh,unresolved_conflict_zone,-2.8852,1.0006,0.1902,0.2001,0.6966,3.1,0.0,0.0,566,1798,pedestrian
566,1802,cyclist,pedestrian,ped_veh,unresolved_conflict_zone,0.0365,0.6504,0.0002,0.05,1.3103,,0.0,0.0,566,1802,pedestrian
573,1791,pedestrian,motorcycle,ped_veh,agent_b_first,1.4054,1.3507,1.5578,0.2001,1.7592,,0.13933,0.028048,573,1791,motorcycle
575,582,pedestrian,cyclist,ped_veh,agent_a_first,5.0284,0.2501,3.5607,0.0,1.1664,,0.0,0.0,575,582,cyclist
576,1791,cyclist,motorcycle,cyc_veh,agent_a_first,0.3456,0.4002,0.2474,0.0,0.8947,2.75,0.0,0.0,576,1791,motorcycle
576,1799,cyclist,pedestrian,ped_veh,agent_b_first,-0.4764,0.2501,0.4319,0.0,0.043,0.05,0.65528,0.143255,576,1799,pedestrian
577,582,pedestrian,cyclist,ped_veh,agent_b_first,1.765,0.1501,2.3398,0.0,0.7273,,0.00153,0.000334,577,582,cyclist
581,582,pedestrian,cyclist,ped_veh,agent_b_first,-1.553,1.801,0.2966,0.5503,0.2017,0.4,0.00344,0.000752,581,582,cyclist
582,583,cyclist,pedestrian,ped_veh,agent_a_first,-2.4815,0.05,2.1289,0.0,1.2976,,0.0,0.0,582,583,pedestrian
584,589,lcv,pedestrian,ped_veh,agent_a_first,0.3487,0.0,0.9026,0.0,0.4213,0.4,0.00579,0.000388,584,589,pedestrian
584,1455,lcv,pedestrian,ped_veh,agent_a_first,1.5756,0.4002,0.6927,0.0,0.593,0.45,0.00036,2.4e-05,584,1455,pedestrian
584,1784,lcv,lcv,veh_veh,unresolved_conflict_zone,0.2195,5.3529,0.3664,0.0,0.4616,0.05,0.03438,0.001351,584,1784,lcv
584,1799,lcv,pedestrian,ped_veh,agent_a_first,1.4019,3.4019,0.0019,0.1501,0.3299,0.8,0.09516,0.006383,584,1799,pedestrian
584,1800,lcv,cyclist,cyc_veh,agent_a_first,2.1794,0.2001,0.8665,0.2001,0.7231,1.35,0.00033,2.1e-05,584,1800,cyclist
584,1802,lcv,pedestrian,ped_veh,agent_b_first,-53.6963,0.5503,6.9905,0.0,6.3111,0.85,0.0143,0.000959,584,1802,pedestrian
584,1818,lcv,pedestrian,ped_veh,agent_a_first,0.2658,0.4002,3.7677,0.0,1.2213,,0.00345,0.000231,584,1818,pedestrian
589,1784,pedestrian,lcv,ped_veh,agent_b_first,-1.8313,0.4502,1.5583,0.0,0.7417,0.7,0.0,0.0,589,1784,lcv
589,1800,pedestrian,cyclist,ped_veh,agent_b_first,-0.061,0.0,1.7367,0.5003,0.5395,0.6,0.00011,2.5e-05,589,1800,cyclist
591,1784,pedestrian,lcv,ped_veh,agent_b_first,-1.6027,0.3002,0.7179,0.2001,0.4811,0.5,0.1111,0.007451,591,1784,lcv
592,1784,pedestrian,lcv,ped_veh,agent_a_first,0.8859,0.1001,1.6143,0.3502,0.1831,0.25,0.13059,0.008758,592,1784,lcv
599,623,truck,pedestrian,ped_veh,agent_a_first,5.8576,1.1006,8.9832,0.05,1.8552,1.2,0.00071,4e-05,599,623,pedestrian
599,634,truck,lcv,veh_veh,unresolved_conflict_zone,-3.1166,1.0006,0.2009,0.0,0.8084,0.6,0.0,0.0,599,634,lcv
600,1784,pedestrian,lcv,ped_veh,agent_b_first,-1.9161,1.1506,4.0598,0.3002,1.8171,0.2,0.32832,0.02202,600,1784,lcv
600,1800,pedestrian,cyclist,ped_veh,unresolved_conflict_zone,1.997,0.0,0.0131,0.1001,1.6353,2.35,0.0,0.0,600,1800,cyclist
608,1459,motorcycle,pedestrian,ped_veh,agent_b_first,-3.4099,0.05,0.6141,0.0,0.5284,,0.01281,0.002578,608,1459,pedestrian
623,634,pedestrian,lcv,ped_veh,agent_b_first,4.2973,0.2001,1.3766,0.0,1.4195,,0.0,0.0,623,634,lcv
623,1476,pedestrian,cyclist,ped_veh,agent_b_first,-3.6296,0.05,0.3608,0.0,0.5038,,0.00306,0.000668,623,1476,cyclist
626,633,pedestrian,car,ped_veh,agent_a_first,1.9637,0.0,0.3052,0.0,0.2487,0.15,0.02174,0.002109,626,633,car
626,634,pedestrian,lcv,ped_veh,unresolved_conflict_zone,1.7529,1.4508,0.3661,0.0,0.1225,0.05,0.53326,0.035765,626,634,lcv
626,641,pedestrian,lcv,ped_veh,agent_a_first,2.3088,0.2001,0.24,0.0,0.2036,0.2,0.78435,0.052605,626,641,lcv
626,644,pedestrian,cyclist,ped_veh,agent_a_first,2.9233,0.5503,2.375,0.05,0.602,,0.0,0.0,626,644,cyclist
626,1476,pedestrian,cyclist,ped_veh,agent_a_first,-1.4694,1.6009,0.0126,0.5503,0.5072,0.7,0.0001,2.2e-05,626,1476,cyclist
633,634,car,lcv,veh_veh,agent_b_first,2.0374,0.9505,0.4277,0.0,0.5207,0.05,0.15412,0.007345,633,634,lcv
633,1459,car,pedestrian,ped_veh,agent_a_first,3.4055,0.9505,0.3634,0.05,1.0119,,0.0,0.0,633,1459,pedestrian
634,639,lcv,truck,veh_veh,agent_a_first,-1.3456,1.0006,1.584,0.0,2.0482,,0.01023,0.00036,634,639,truck
634,641,lcv,lcv,veh_veh,agent_a_first,0.3222,1.0006,0.2712,0.0,0.7471,0.65,0.47482,0.018659,634,641,lcv
634,1476,lcv,cyclist,cyc_veh,agent_b_first,-1.4704,0.05,0.8799,0.4002,0.6522,,0.00225,0.000144,634,1476,cyclist
634,1821,lcv,pedestrian,ped_veh,agent_b_first,-0.5864,0.3002,0.0988,0.0,0.3646,,0.00263,0.000176,634,1821,pedestrian
639,641,truck,lcv,veh_veh,unresolved_conflict_zone,4.2692,2.1512,0.0398,0.0,0.8716,1.2,0.04754,0.001672,639,641,lcv
639,646,truck,cyclist,cyc_veh,agent_b_first,0.1782,0.6504,1.2635,0.0,1.3402,,0.04744,0.002542,639,646,cyclist
639,647,truck,pedestrian,ped_veh,agent_b_first,-0.9002,0.9005,1.6317,0.0,1.2114,,0.03473,0.001939,639,647,pedestrian
639,1830,truck,car,veh_veh,agent_a_first,4.3502,0.0,1.0421,0.0,0.7551,6.6,0.00111,4.6e-05,639,1830,car
641,1461,lcv,pedestrian,ped_veh,agent_b_first,-0.7858,0.05,0.2101,0.0,1.6484,,0.04954,0.003323,641,1461,pedestrian
641,1476,lcv,cyclist,cyc_veh,agent_b_first,-1.2201,0.9005,2.5913,0.0,0.5496,,0.00105,6.7e-05,641,1476,cyclist
641,1821,lcv,pedestrian,ped_veh,agent_a_first,0.4744,0.4502,0.2637,0.0,0.3092,,0.02474,0.00166,641,1821,pedestrian
641,1829,lcv,pedestrian,ped_veh,agent_a_first,0.6522,0.4002,0.5172,0.0,0.4862,,0.00021,1.4e-05,641,1829,pedestrian
644,1461,cyclist,pedestrian,ped_veh,agent_a_first,7.2587,0.0,0.1153,0.2501,0.4292,1.7,0.02899,0.006338,644,1461,pedestrian
673,682,cyclist,truck,cyc_veh,agent_a_first,-1.5983,0.6003,0.5469,0.0,0.3675,0.7,0.15331,0.008214,673,682,truck
673,1463,cyclist,pedestrian,ped_veh,agent_a_first,0.3061,0.1001,2.7448,1.2007,0.2356,0.55,0.02258,0.004936,673,1463,pedestrian
673,1473,cyclist,pedestrian,ped_veh,agent_a_first,-1.4345,0.0,1.003,1.3007,0.6093,0.6,0.0348,0.007607,673,1473,pedestrian
673,1495,cyclist,lcv,cyc_veh,unresolved_conflict_zone,1.0936,0.2001,0.0987,0.0,0.0204,0.45,0.68108,0.043447,673,1495,lcv
673,1835,cyclist,truck,cyc_veh,unresolved_conflict_zone,0.7711,0.05,0.0362,0.0,0.0256,0.25,0.08327,0.004461,673,1835,truck
673,1838,cyclist,pedestrian,ped_veh,agent_a_first,-2.9244,0.4502,11.9484,0.0,0.9459,,0.0,0.0,673,1838,pedestrian
673,2031,cyclist,pedestrian,ped_veh,agent_b_first,-2.3104,0.3502,0.0558,0.2501,0.3129,,3e-05,6e-06,673,2031,pedestrian
677,1495,cyclist,lcv,cyc_veh,agent_b_first,4.5319,0.8004,1.1577,0.0,0.3013,,0.14355,0.009157,677,1495,lcv
682,1463,truck,pedestrian,ped_veh,agent_b_first,1.9656,0.0,0.9398,0.0,3.0255,,0.0001,6e-06,682,1463,pedestrian
682,1473,truck,pedestrian,ped_veh,agent_a_first,0.7356,1.0506,0.3024,0.0,2.1578,,0.0,0.0,682,1473,pedestrian
682,1495,truck,lcv,veh_veh,unresolved_conflict_zone,3.5763,0.4502,0.2588,0.0,0.3367,,0.05602,0.00197,682,1495,lcv
682,1838,truck,pedestrian,ped_veh,agent_a_first,0.1968,0.6003,0.2563,0.0,1.7953,,4e-05,2e-06,682,1838,pedestrian
682,2031,truck,pedestrian,ped_veh,agent_a_first,1.8316,0.7504,2.2838,0.0,2.1492,,0.0,0.0,682,2031,pedestrian
691,693,motorcycle,pedestrian,ped_veh,agent_a_first,-4.8083,1.0006,0.4167,0.0,1.6923,,0.0,0.0,691,693,pedestrian
691,694,motorcycle,car,veh_veh,agent_a_first,-26.1104,0.5503,1.9371,0.0,2.7077,0.7,0.00129,0.000113,691,694,car
691,1463,motorcycle,pedestrian,ped_veh,agent_a_first,3.7384,2.2012,4.5122,0.8505,1.4821,0.95,0.0,0.0,691,1463,pedestrian
691,1473,motorcycle,pedestrian,ped_veh,agent_a_first,3.0602,0.0,2.2823,0.0,1.732,1.15,0.0,0.0,691,1473,pedestrian
691,1838,motorcycle,pedestrian,ped_veh,agent_a_first,4.5282,0.05,1.9043,0.7504,1.5313,2.45,0.0,0.0,691,1838,pedestrian
691,1842,motorcycle,car,veh_veh,agent_a_first,-5.1098,0.1001,1.5143,0.0,2.3447,,0.0,0.0,691,1842,car
691,2029,motorcycle,pedestrian,ped_veh,agent_a_first,-3.7731,0.7504,8.5928,0.0,3.7716,,0.0,0.0,691,2029,pedestrian
691,2031,motorcycle,pedestrian,ped_veh,agent_a_first,0.9555,0.0,3.2385,0.3002,1.9832,1.25,0.0,0.0,691,2031,pedestrian
712,722,lcv,car,veh_veh,agent_b_first,0.0407,2.8516,1.9656,0.0,1.1553,1.25,0.01096,0.000523,712,722,car
712,730,lcv,cyclist,cyc_veh,agent_a_first,2.6794,1.3507,2.1795,0.0,1.3794,1.5,0.0,0.0,712,730,cyclist
712,1853,lcv,pedestrian,ped_veh,agent_a_first,5.2644,2.0511,1.141,0.0,1.7548,2.3,0.0,0.0,712,1853,pedestrian
712,1854,lcv,pedestrian,ped_veh,agent_a_first,5.5941,0.1001,0.3547,0.0,1.7602,2.1,0.0,0.0,712,1854,pedestrian
720,722,pedestrian,car,ped_veh,agent_b_first,1.8797,0.1001,1.1076,0.0,1.2322,,0.0,0.0,720,722,car
721,722,cyclist,car,cyc_veh,agent_b_first,-8.2302,0.4502,5.543,0.0,1.3876,0.9,0.00011,1e-05,721,722,car
722,727,car,pedestrian,ped_veh,agent_b_first,-9.0399,0.9505,1.9649,0.0,1.359,,0.0,0.0,722,727,pedestrian
722,1853,car,pedestrian,ped_veh,agent_b_first,0.5209,0.4002,0.5384,0.0,0.5923,2.85,0.00093,9e-05,722,1853,pedestrian
722,1854,car,pedestrian,ped_veh,agent_b_first,3.1375,0.05,0.3652,0.2001,0.9945,1.75,0.00629,0.00061,722,1854,pedestrian
722,2027,car,pedestrian,ped_veh,agent_b_first,-4.1759,0.2001,0.5882,0.1501,1.1175,,0.00318,0.000308,722,2027,pedestrian
727,730,pedestrian,cyclist,ped_veh,unresolved_conflict_zone,-2.1085,0.0,0.0109,0.2501,0.3086,,0.00122,0.000267,727,730,cyclist
727,735,pedestrian,cyclist,ped_veh,agent_a_first,4.5355,0.0,1.01,0.0,0.9427,,0.0489,0.010691,727,735,cyclist
727,1863,pedestrian,cyclist,ped_veh,agent_b_first,1.0931,0.0,0.1098,0.2001,0.5785,1.25,0.00126,0.000276,727,1863,cyclist
730,737,cyclist,lcv,cyc_veh,agent_b_first,-0.992,0.2501,1.6043,0.0,0.8304,1.0,0.0,0.0,730,737,lcv
730,741,cyclist,cyclist,cyc_veh,unresolved_conflict_zone,1.4935,0.8004,0.1408,0.0,0.562,1.1,2e-05,3e-06,730,741,cyclist
730,1465,cyclist,pedestrian,ped_veh,agent_b_first,-3.8575,0.9505,1.9242,0.1001,1.1891,,0.0,0.0,730,1465,pedestrian
730,1508,cyclist,cyclist,cyc_veh,agent_a_first,1.8134,0.1501,1.1929,0.5003,1.1751,,0.0,0.0,730,1508,cyclist
730,1852,cyclist,pedestrian,ped_veh,agent_b_first,-0.5528,0.2001,0.9532,0.4502,0.8141,,0.00027,6e-05,730,1852,pedestrian
730,1853,cyclist,pedestrian,ped_veh,agent_b_first,-0.3555,0.5003,0.9766,1.3507,0.3026,0.7,0.00847,0.001852,730,1853,pedestrian
730,1854,cyclist,pedestrian,ped_veh,agent_a_first,0.0259,0.1501,1.1607,1.5008,0.3381,0.9,0.02562,0.005602,730,1854,pedestrian
730,1856,cyclist,pedestrian,ped_veh,agent_a_first,4.3845,0.0,0.7707,0.2501,1.0522,2.2,0.0,0.0,730,1856,pedestrian
730,2027,cyclist,pedestrian,ped_veh,agent_a_first,1.4893,0.4502,0.9116,0.7004,1.3178,,0.0,0.0,730,2027,pedestrian
735,737,cyclist,lcv,cyc_veh,agent_b_first,-2.0197,1.2007,1.2443,0.0,1.2325,0.9,0.0,0.0,735,737,lcv
735,741,cyclist,cyclist,cyc_veh,agent_b_first,-1.4565,0.4002,0.2044,0.8505,0.3747,0.75,0.0,0.0,735,741,cyclist
735,745,cyclist,pedestrian,ped_veh,agent_a_first,3.8063,0.05,51.9326,0.1501,1.2715,0.85,0.0,0.0,735,745,pedestrian
735,746,cyclist,pedestrian,ped_veh,agent_a_first,-8.227,1.5509,11.5878,0.0,1.9241,9.05,0.0,0.0,735,746,pedestrian
735,747,cyclist,pedestrian,ped_veh,agent_a_first,-11.7137,1.4508,2.5601,0.0,1.4151,,0.0,0.0,735,747,pedestrian
735,1465,cyclist,pedestrian,ped_veh,agent_b_first,-1.4684,0.9005,1.1876,0.1001,1.2861,7.1,2e-05,5e-06,735,1465,pedestrian
735,1503,cyclist,cyclist,cyc_veh,agent_b_first,0.7021,0.3002,1.2909,0.1001,0.8781,2.2,0.0,0.0,735,1503,cyclist
735,1508,cyclist,cyclist,cyc_veh,agent_a_first,0.8034,0.2001,0.8248,0.5003,1.01,,0.0,0.0,735,1508,cyclist
735,1852,cyclist,pedestrian,ped_veh,agent_b_first,0.0208,0.2001,0.5658,0.1001,0.6354,1.65,0.03581,0.007829,735,1852,pedestrian
735,1853,cyclist,pedestrian,ped_veh,agent_b_first,-0.5004,0.5003,4.3082,0.9005,0.2062,0.15,0.14486,0.031669,735,1853,pedestrian
735,1854,cyclist,pedestrian,ped_veh,agent_a_first,0.1291,0.0,3.3723,1.1506,0.1386,0.25,0.23462,0.051292,735,1854,pedestrian
735,1863,cyclist,cyclist,cyc_veh,agent_b_first,1.5119,0.0,0.3393,0.0,0.4736,0.6,0.0053,0.000938,735,1863,cyclist
735,2027,cyclist,pedestrian,ped_veh,agent_a_first,-1.0661,1.7009,0.877,0.4002,1.0855,,0.00015,3.2e-05,735,2027,pedestrian
741,745,cyclist,pedestrian,ped_veh,agent_a_first,3.4789,0.9505,6.4485,0.1501,0.4013,0.3,0.08173,0.017868,741,745,pedestrian
741,1503,cyclist,cyclist,cyc_veh,agent_b_first,-1.6659,1.6509,0.2119,0.1001,0.92,0.8,0.00073,0.000129,741,1503,cyclist
741,1853,cyclist,pedestrian,ped_veh,agent_a_first,1.2355,0.5003,0.1728,0.5503,0.215,,0.02104,0.004599,741,1853,pedestrian
741,1854,cyclist,pedestrian,ped_veh,agent_a_first,0.1017,0.1501,3.4643,1.851,0.1619,0.6,0.23976,0.052415,741,1854,pedestrian
745,1863,pedestrian,cyclist,ped_veh,agent_b_first,-10.5462,0.9505,11.8147,0.5003,0.6896,0.9,1e-05,1e-06,745,1863,cyclist
749,797,pedestrian,lcv,ped_veh,agent_b_first,1.9538,1.6509,0.1925,0.7004,0.6184,0.6,0.17268,0.011582,749,797,lcv
749,823,pedestrian,lcv,ped_veh,agent_b_first,-0.7089,0.2001,2.3896,0.0,0.186,0.05,0.57399,0.038497,749,823,lcv
749,829,pedestrian,car,ped_veh,agent_a_first,1.2285,1.3507,0.7165,0.0,1.2919,0.8,0.0,0.0,749,829,car
749,831,pedestrian,motorcycle,ped_veh,agent_a_first,-1.0083,0.4502,0.6598,0.0,0.8382,,0.00439,0.000883,749,831,motorcycle
749,837,pedestrian,car,ped_veh,agent_b_first,-0.7308,0.05,0.7089,0.2001,0.2829,,0.00061,5.9e-05,749,837,car
749,1863,pedestrian,cyclist,ped_veh,agent_b_first,31.0244,0.6504,3.5111,0.0,3.852,,0.0,0.0,749,1863,cyclist
779,1528,cyclist,car,cyc_veh,agent_a_first,0.6141,0.2501,0.5919,0.0,1.0375,3.45,0.0,0.0,779,1528,car
779,1874,cyclist,pedestrian,ped_veh,agent_a_first,0.8029,1.2507,5.4563,0.0,1.4628,,0.0,0.0,779,1874,pedestrian
779,2043,cyclist,pedestrian,ped_veh,agent_b_first,-4.1899,0.1001,0.4573,0.0,1.752,,0.0,0.0,779,2043,pedestrian
780,1874,car,pedestrian,ped_veh,unresolved_conflict_zone,1.0223,0.0,0.0766,0.0,0.5576,0.55,0.00018,1.8e-05,780,1874,pedestrian
780,2043,car,pedestrian,ped_veh,agent_a_first,0.4385,1.2007,2.1042,0.0,0.7975,0.65,2e-05,2e-06,780,2043,pedestrian
794,797,pedestrian,lcv,ped_veh,agent_b_first,3.1254,2.0511,0.7086,0.2501,0.8894,,0.07294,0.004892,794,797,lcv
794,2045,pedestrian,cyclist,ped_veh,agent_b_first,3.0571,1.0506,6.5039,0.3502,1.6492,0.95,0.0,0.0,794,2045,cyclist
797,2042,lcv,pedestrian,ped_veh,agent_a_first,17.5132,0.7504,20.1875,0.0,5.4401,,0.0,0.0,797,2042,pedestrian
804,823,pedestrian,lcv,ped_veh,agent_a_first,0.2045,0.1501,3.7782,0.2001,0.6277,0.75,0.03762,0.002523,804,823,lcv
804,829,pedestrian,car,ped_veh,agent_a_first,2.5093,0.2001,0.5114,0.05,0.8221,1.6,0.0,0.0,804,829,car
804,831,pedestrian,motorcycle,ped_veh,agent_a_first,11.7308,0.1501,4.0673,0.4502,1.8868,0.5,2e-05,3e-06,804,831,motorcycle
807,823,pedestrian,lcv,ped_veh,agent_b_first,1.7305,0.2501,8.1856,0.05,1.2967,0.8,0.00169,0.000113,807,823,lcv
807,829,pedestrian,car,ped_veh,agent_b_first,-0.5382,0.05,2.3034,1.851,1.288,3.85,0.0,0.0,807,829,car
807,831,pedestrian,motorcycle,ped_veh,agent_b_first,0.2094,1.3007,0.874,0.0,1.7108,,0.0,0.0,807,831,motorcycle
807,837,pedestrian,car,ped_veh,agent_b_first,2.0503,0.0,0.4906,0.5003,1.9007,0.85,0.01373,0.001332,807,837,car
810,823,pedestrian,lcv,ped_veh,agent_a_first,0.5255,0.7504,1.7174,0.0,2.504,2.15,0.00052,3.5e-05,810,823,lcv
812,823,pedestrian,lcv,ped_veh,agent_b_first,2.2415,1.4008,4.7574,0.05,0.8394,1.1,0.00037,2.5e-05,812,823,lcv
812,829,pedestrian,car,ped_veh,agent_a_first,0.6624,0.0,0.779,1.4008,1.6097,,0.0,0.0,812,829,car
812,831,pedestrian,motorcycle,ped_veh,agent_b_first,-0.9447,0.0,4.4265,0.0,1.8753,,0.0,0.0,812,831,motorcycle
812,837,pedestrian,car,ped_veh,unresolved_conflict_zone,1.7,1.2007,0.1655,0.3502,0.9877,0.75,0.00255,0.000247,812,837,car
823,1534,lcv,pedestrian,ped_veh,agent_a_first,0.7675,0.2001,1.0957,0.0,1.3773,0.85,0.00576,0.000386,823,1534,pedestrian
828,1886,pedestrian,cyclist,ped_veh,agent_b_first,-0.9625,0.0,0.8511,0.0,1.398,0.9,0.0,0.0,828,1886,cyclist
829,831,car,motorcycle,veh_veh,agent_b_first,-0.1228,3.702,0.6397,1.7009,1.1957,1.15,0.0,0.0,829,831,motorcycle
829,843,car,pedestrian,ped_veh,agent_b_first,-2.3717,1.4508,0.3427,0.0,1.6892,,5e-05,5e-06,829,843,pedestrian
829,849,car,lcv,veh_veh,agent_b_first,-1.4572,0.1501,0.8351,0.3502,0.8998,1.75,8e-05,4e-06,829,849,lcv
829,856,car,pedestrian,ped_veh,agent_b_first,-1.8173,1.4508,0.8479,0.0,1.0711,,1e-05,1e-06,829,856,pedestrian
829,1534,car,pedestrian,ped_veh,agent_b_first,-0.2454,1.0506,0.3927,0.3502,0.8127,,0.0,0.0,829,1534,pedestrian
829,1881,car,pedestrian,ped_veh,agent_b_first,4.2115,0.5003,0.4777,0.4002,1.4957,,4e-05,4e-06,829,1881,pedestrian
829,1883,car,pedestrian,ped_veh,agent_b_first,-1.3282,0.1501,0.204,0.0,0.6866,,1e-05,1e-06,829,1883,pedestrian
829,1898,car,pedestrian,ped_veh,agent_b_first,-8.5488,0.3002,1.8296,0.2001,2.087,,0.0,0.0,829,1898,pedestrian
831,1534,motorcycle,pedestrian,ped_veh,agent_b_first,-6.5409,0.0,2.4159,0.3002,1.5705,,0.0,0.0,831,1534,pedestrian
831,1883,motorcycle,pedestrian,ped_veh,agent_b_first,-2.1859,0.4002,1.0828,0.1001,1.3002,,7e-05,1.4e-05,831,1883,pedestrian
837,843,car,pedestrian,ped_veh,agent_a_first,-1.4907,1.1006,8.8714,1.851,1.7708,1.05,0.0,0.0,837,843,pedestrian
837,849,car,lcv,veh_veh,unresolved_conflict_zone,-3.2746,0.0,0.4659,0.0,0.7745,0.15,0.03274,0.00156,837,849,lcv
837,851,car,lcv,veh_veh,agent_b_first,-0.2054,0.3502,1.5794,0.0,0.38,0.05,0.37554,0.017898,837,851,lcv
837,856,car,pedestrian,ped_veh,agent_b_first,2.5577,0.0,0.6167,0.9005,1.1375,0.4,0.0,0.0,837,856,pedestrian
837,865,car,lcv,veh_veh,agent_b_first,1.3115,2.4013,4.7302,0.0,0.7849,0.35,0.26462,0.012612,837,865,lcv
837,868,car,pedestrian,ped_veh,agent_a_first,1.0844,0.2501,6.4285,0.7504,3.498,,0.0,0.0,837,868,pedestrian
837,871,car,pedestrian,ped_veh,agent_b_first,-8.6974,0.05,1.521,0.7504,2.3781,1.2,2e-05,1e-06,837,871,pedestrian
837,877,car,pedestrian,ped_veh,agent_b_first,16.9544,0.1001,3.8155,0.3002,2.084,0.95,0.00014,1.3e-05,837,877,pedestrian
837,888,car,cyclist,cyc_veh,agent_b_first,-5.008,0.2001,1.9697,0.0,2.1156,,0.0,0.0,837,888,cyclist
837,889,car,cyclist,cyc_veh,agent_b_first,-2.5293,0.3502,0.9986,0.0,1.0647,,0.0,0.0,837,889,cyclist
837,891,car,pedestrian,ped_veh,agent_b_first,8.6455,1.2507,3.0582,0.6003,6.1782,2.4,0.0,0.0,837,891,pedestrian
837,1881,car,pedestrian,ped_veh,agent_b_first,1.1481,0.1001,2.7492,1.6509,1.5255,1.1,1e-05,1e-06,837,1881,pedestrian
837,1898,car,pedestrian,ped_veh,agent_b_first,0.1317,0.4002,5.3716,1.2507,0.4113,0.25,0.02133,0.002069,837,1898,pedestrian
843,849,pedestrian,lcv,ped_veh,agent_b_first,4.429,0.1001,1.8946,0.1501,2.8235,2.9,0.0016,0.000107,843,849,lcv
843,851,pedestrian,lcv,ped_veh,agent_b_first,-6.7909,2.7015,9.9335,0.7504,1.0607,1.9,0.0,0.0,843,851,lcv
843,865,pedestrian,lcv,ped_veh,agent_b_first,-5.4364,1.3007,4.0598,0.0,1.5197,1.4,0.0,0.0,843,865,lcv
849,851,lcv,lcv,veh_veh,agent_b_first,-3.2582,0.9005,2.502,0.0,2.02,0.45,0.00651,0.000256,849,851,lcv
849,856,lcv,pedestrian,ped_veh,agent_b_first,-2.2421,1.6509,1.0419,1.0006,1.9126,0.95,0.01511,0.001014,849,856,pedestrian
849,858,lcv,lcv,veh_veh,agent_b_first,-9.0203,1.0006,10.517,0.0,3.6519,0.65,0.0009,3.5e-05,849,858,lcv
849,865,lcv,lcv,veh_veh,agent_b_first,-2.2226,0.7004,4.5667,1.1006,1.355,0.55,0.03636,0.001429,849,865,lcv
849,868,lcv,pedestrian,ped_veh,agent_b_first,-2.2816,0.0,2.0738,1.801,1.3263,0.7,0.00033,2.2e-05,849,868,pedestrian
849,873,lcv,lcv,veh_veh,unresolved_conflict_zone,2.3586,0.0,0.0777,1.6009,0.4889,0.75,0.04014,0.001578,849,873,lcv
849,876,lcv,motorcycle,veh_veh,agent_b_first,-14.1444,0.7504,23.4588,0.0,5.5976,1.05,1e-05,1e-06,849,876,motorcycle
849,884,lcv,lcv,veh_veh,unresolved_conflict_zone,-3.0709,1.9511,0.7128,0.0,2.5116,1.3,0.00767,0.000301,849,884,lcv
849,887,lcv,motorcycle,veh_veh,agent_a_first,2.7509,0.0,0.8485,0.9005,1.7699,,0.00024,1.5e-05,849,887,motorcycle
849,888,lcv,cyclist,cyc_veh,unresolved_conflict_zone,-2.529,0.0,0.5435,0.0,1.7528,0.25,0.29357,0.018727,849,888,cyclist
849,889,lcv,cyclist,cyc_veh,agent_b_first,-8.2352,1.7009,1.4108,0.5503,1.8079,4.1,0.02913,0.001858,849,889,cyclist
849,892,lcv,lcv,veh_veh,agent_a_first,-1.0334,3.0017,0.7423,0.0,1.08,1.55,0.0087,0.000342,849,892,lcv
849,897,lcv,lcv,veh_veh,agent_b_first,-0.1136,1.0506,0.4278,0.4002,1.4543,0.95,0.00836,0.000329,849,897,lcv
849,900,lcv,pedestrian,ped_veh,agent_b_first,-0.0539,0.0,1.0582,0.0,0.0777,,0.9953,0.066753,849,900,pedestrian
849,902,lcv,cyclist,cyc_veh,agent_b_first,-1.1809,0.8505,0.3328,0.0,0.5478,0.1,0.13326,0.0085,849,902,cyclist
849,903,lcv,lcv,veh_veh,agent_b_first,-2.4322,0.7004,3.4137,0.7504,0.9889,,0.00944,0.000371,849,903,lcv
849,1541,lcv,pedestrian,ped_veh,agent_b_first,-2.5247,0.5003,0.7954,0.0,0.9371,0.2,0.12143,0.008144,849,1541,pedestrian
849,1549,lcv,pedestrian,ped_veh,agent_b_first,2.5641,0.8004,0.2029,0.4502,0.7229,0.45,0.0084,0.000563,849,1549,pedestrian
849,1881,lcv,pedestrian,ped_veh,agent_b_first,7.4736,0.1501,0.1049,0.5003,1.6252,1.6,0.0054,0.000362,849,1881,pedestrian
849,1898,lcv,pedestrian,ped_veh,agent_b_first,2.0525,3.0517,13.304,1.751,1.4833,0.6,0.0,0.0,849,1898,pedestrian
851,856,lcv,pedestrian,ped_veh,agent_a_first,2.9826,0.0,2.9068,0.2001,1.2478,0.65,0.0,0.0,851,856,pedestrian
851,858,lcv,lcv,veh_veh,agent_a_first,0.2228,1.1006,2.3896,0.0,0.2736,,0.04233,0.001663,851,858,lcv
851,865,lcv,lcv,veh_veh,unresolved_conflict_zone,0.4696,0.3002,0.2367,0.3002,0.2497,0.2,0.26039,0.010233,851,865,lcv
851,1881,lcv,pedestrian,ped_veh,agent_a_first,3.7213,2.3013,2.7948,0.8505,1.6499,1.5,0.0,0.0,851,1881,pedestrian
851,1898,lcv,pedestrian,ped_veh,unresolved_conflict_zone,-0.4573,0.05,0.0236,0.7004,0.3456,0.15,0.35102,0.023543,851,1898,pedestrian
856,865,pedestrian,lcv,ped_veh,agent_b_first,2.6649,0.1001,1.2328,0.05,1.5255,0.95,0.0,0.0,856,865,lcv
858,868,lcv,pedestrian,ped_veh,agent_a_first,-14.4193,1.4008,4.9314,0.0,4.0841,0.9,0.0,0.0,858,868,pedestrian
858,870,lcv,lcv,veh_veh,agent_b_first,-0.8635,0.7504,0.4354,0.0,0.8872,,0.3157,0.012406,858,870,lcv
858,872,lcv,pedestrian,ped_veh,agent_b_first,1.5874,0.8505,0.5217,0.0,0.6717,,0.05204,0.00349,858,872,pedestrian
858,873,lcv,lcv,veh_veh,agent_a_first,1.8482,0.6504,1.4845,0.2001,0.9309,0.25,0.26173,0.010285,858,873,lcv
858,876,lcv,motorcycle,veh_veh,agent_a_first,0.2016,0.5003,0.2286,0.2501,0.4631,1.1,0.00193,0.000121,858,876,motorcycle
858,1881,lcv,pedestrian,ped_veh,agent_a_first,1.6499,2.3513,3.3182,0.0,1.489,1.25,0.0,0.0,858,1881,pedestrian
858,1898,lcv,pedestrian,ped_veh,agent_b_first,0.7047,0.2001,0.3037,0.0,0.1445,0.05,0.61065,0.040955,858,1898,pedestrian
865,868,lcv,pedestrian,ped_veh,agent_a_first,13.6085,0.6504,2.7862,1.1006,2.4148,,0.0,0.0,865,868,pedestrian
865,870,lcv,lcv,veh_veh,agent_b_first,-1.6684,0.7504,1.9255,0.0,1.3645,,0.00946,0.000372,865,870,lcv
865,871,lcv,pedestrian,ped_veh,agent_a_first,-18.8611,1.7009,14.4469,0.0,2.4477,0.9,0.0,0.0,865,871,pedestrian
865,872,lcv,pedestrian,ped_veh,agent_b_first,-1.8084,1.0006,2.1507,0.0,1.676,,2e-05,1e-06,865,872,pedestrian
865,873,lcv,lcv,veh_veh,unresolved_conflict_zone,-0.3582,0.3502,0.4441,0.0,0.7101,,0.03987,0.001567,865,873,lcv
865,876,lcv,motorcycle,veh_veh,agent_b_first,-11.9933,0.9505,0.5308,0.2001,0.512,0.25,0.03282,0.002061,865,876,motorcycle
865,877,lcv,pedestrian,ped_veh,agent_a_first,-2.1509,0.3502,2.4241,0.2501,0.9866,2.4,0.0,0.0,865,877,pedestrian
865,887,lcv,motorcycle,veh_veh,agent_a_first,0.202,0.3502,0.9636,0.0,1.1052,,0.00709,0.000445,865,887,motorcycle
865,1881,lcv,pedestrian,ped_veh,agent_a_first,0.6531,1.801,2.1215,0.5503,1.657,1.55,0.0,0.0,865,1881,pedestrian
865,1898,lcv,pedestrian,ped_veh,agent_b_first,-2.8433,0.05,0.9684,1.9511,0.4435,0.25,0.17574,0.011787,865,1898,pedestrian
868,873,pedestrian,lcv,ped_veh,agent_b_first,1.9351,2.0011,0.4584,2.2512,1.792,1.3,0.0,0.0,868,873,lcv
868,876,pedestrian,motorcycle,ped_veh,agent_b_first,-10.557,0.2001,1.8582,0.1501,2.9089,,0.0,0.0,868,876,motorcycle
868,884,pedestrian,lcv,ped_veh,agent_b_first,-8.8551,0.6003,0.915,0.0,3.2005,1.15,0.0,0.0,868,884,lcv
868,887,pedestrian,motorcycle,ped_veh,agent_b_first,-16.0907,0.05,4.0051,0.5503,2.4155,,0.0,0.0,868,887,motorcycle
868,888,pedestrian,cyclist,ped_veh,agent_a_first,4.3757,0.1001,1.4164,0.3002,0.8769,2.8,0.0,1e-06,868,888,cyclist
868,889,pedestrian,cyclist,ped_veh,unresolved_conflict_zone,0.6385,1.5509,0.0137,0.6003,0.3876,3.2,0.0,0.0,868,889,cyclist
868,897,pedestrian,lcv,ped_veh,agent_b_first,-6.8143,0.9505,3.4522,0.3502,3.1314,,0.0,0.0,868,897,lcv
868,901,pedestrian,lcv,ped_veh,agent_b_first,1.1326,0.0,4.1294,0.0,1.4824,4.7,0.0,0.0,868,901,lcv
868,902,pedestrian,cyclist,ped_veh,agent_a_first,4.5513,1.0006,0.7617,0.2501,0.6138,,0.0,0.0,868,902,cyclist
868,903,pedestrian,lcv,ped_veh,agent_a_first,1.7317,0.4002,0.9239,0.2501,0.7708,8.9,0.02125,0.001425,868,903,lcv
871,889,pedestrian,cyclist,ped_veh,unresolved_conflict_zone,11.2158,1.3007,0.1508,0.0,0.2038,0.15,0.12503,0.027334,871,889,cyclist
873,884,lcv,lcv,veh_veh,unresolved_conflict_zone,-0.0594,0.0,0.7759,0.05,0.2791,0.7,0.26437,0.010389,873,884,lcv
873,888,lcv,cyclist,cyc_veh,agent_a_first,-0.3658,0.9005,1.2316,0.0,1.7815,0.95,2e-05,1e-06,873,888,cyclist
873,889,lcv,cyclist,cyc_veh,agent_b_first,-3.6863,0.5003,6.5551,0.3502,1.5767,1.25,0.0,0.0,873,889,cyclist
873,897,lcv,lcv,veh_veh,unresolved_conflict_zone,2.207,0.4002,0.2913,0.0,1.1307,,0.21177,0.008322,873,897,lcv
873,898,lcv,car,veh_veh,agent_a_first,-1.4814,0.8505,1.2152,0.0,1.4625,,0.00232,0.000111,873,898,car
873,900,lcv,pedestrian,ped_veh,agent_a_first,1.1169,0.3002,0.1822,0.2001,0.2759,0.3,0.01007,0.000676,873,900,pedestrian
873,1541,lcv,pedestrian,ped_veh,agent_b_first,-16.7418,0.0,2.9816,0.0,3.5455,,0.12365,0.008293,873,1541,pedestrian
873,1898,lcv,pedestrian,ped_veh,agent_b_first,-0.3027,0.3502,0.7584,0.7004,0.3035,0.2,0.10813,0.007252,873,1898,pedestrian
876,1898,motorcycle,pedestrian,ped_veh,agent_b_first,8.8385,0.8505,0.8994,0.4002,1.0754,0.4,0.01065,0.002144,876,1898,pedestrian
882,912,car,bus,veh_veh,unresolved_conflict_zone,-1.1378,0.0,0.2837,0.05,0.0594,0.15,0.04154,0.001733,882,912,bus
882,1904,car,car,veh_veh,unresolved_conflict_zone,-2.1394,0.0,0.2121,0.0,0.134,1.3,0.00156,9.4e-05,882,1904,car
884,1898,lcv,pedestrian,ped_veh,agent_a_first,1.126,0.8505,0.4033,0.6003,0.3612,0.8,0.01913,0.001283,884,1898,pedestrian
887,888,motorcycle,cyclist,cyc_veh,agent_a_first,1.0733,0.9005,2.2953,0.05,2.0123,1.1,0.0,0.0,887,888,cyclist
887,889,motorcycle,cyclist,cyc_veh,agent_b_first,-1.2906,0.4502,14.0353,0.3502,1.7302,1.25,0.0,0.0,887,889,cyclist
887,1541,motorcycle,pedestrian,ped_veh,agent_a_first,-13.1138,0.0,12.2623,0.0,7.3865,,0.0,0.0,887,1541,pedestrian
887,1898,motorcycle,pedestrian,ped_veh,agent_b_first,4.5036,0.2001,0.8486,0.0,0.9842,0.35,0.41638,0.083824,887,1898,pedestrian
892,1541,lcv,pedestrian,ped_veh,unresolved_conflict_zone,-1.3987,0.0,0.1575,0.2501,0.2314,0.45,0.05184,0.003477,892,1541,pedestrian
897,1541,lcv,pedestrian,ped_veh,agent_a_first,-7.4657,0.5003,0.958,0.0,1.1963,,0.60432,0.040531,897,1541,pedestrian
898,905,car,pedestrian,ped_veh,agent_b_first,0.4638,0.5503,0.6879,0.0,1.1584,,0.0,0.0,898,905,pedestrian
898,907,car,motorcycle,veh_veh,unresolved_conflict_zone,0.8678,0.0,0.1149,0.0,1.3781,,0.0,0.0,898,907,motorcycle
901,902,lcv,cyclist,cyc_veh,agent_b_first,-2.6524,0.8505,1.0538,0.2001,0.3152,0.3,0.28272,0.018035,901,902,cyclist
901,903,lcv,lcv,veh_veh,agent_b_first,-5.2364,0.8004,0.6226,0.2501,1.0152,1.0,0.00015,6e-06,901,903,lcv
901,905,lcv,pedestrian,ped_veh,agent_b_first,-3.1912,0.9005,1.3635,0.4002,1.6991,,0.0,0.0,901,905,pedestrian
901,1541,lcv,pedestrian,ped_veh,agent_b_first,-1.9671,0.5003,0.409,0.0,0.5937,0.15,0.15916,0.010675,901,1541,pedestrian
901,1549,lcv,pedestrian,ped_veh,agent_b_first,-0.4153,0.4502,0.1134,0.2001,0.2606,0.15,0.71854,0.048191,901,1549,pedestrian
902,903,cyclist,lcv,cyc_veh,unresolved_conflict_zone,0.459,0.0,0.2388,0.1501,0.6079,0.45,0.00122,7.8e-05,902,903,lcv
902,1549,cyclist,pedestrian,ped_veh,agent_a_first,1.4308,0.0,0.1086,0.05,0.2341,0.65,0.07377,0.016127,902,1549,pedestrian
903,905,lcv,pedestrian,ped_veh,agent_b_first,0.4748,0.2501,0.2243,0.0,0.6542,,0.384,0.025754,903,905,pedestrian
903,1548,lcv,car,veh_veh,agent_a_first,-3.3919,0.8505,5.9735,0.0,1.1698,0.05,0.22146,0.010555,903,1548,car
903,1549,lcv,pedestrian,ped_veh,agent_a_first,3.4409,0.0,0.1617,0.4002,1.1423,0.7,0.0,0.0,903,1549,pedestrian
908,918,lcv,pedestrian,ped_veh,agent_b_first,-6.825,0.0,0.1961,0.0,3.4941,,6e-05,4e-06,908,918,pedestrian
908,931,lcv,cyclist,cyc_veh,agent_b_first,2.2009,2.2012,0.9322,0.0,0.9357,2.2,0.10182,0.006495,908,931,cyclist
908,932,lcv,pedestrian,ped_veh,agent_b_first,2.2768,0.7504,9.7618,0.0,2.3631,4.75,0.00036,2.4e-05,908,932,pedestrian
908,933,lcv,cyclist,cyc_veh,agent_a_first,1.2789,0.1001,0.0013,0.0,0.264,0.05,0.33006,0.021054,908,933,cyclist
910,911,motorcycle,pedestrian,ped_veh,agent_a_first,1.414,0.2501,0.4604,0.0,0.1847,0.05,0.56646,0.114038,910,911,pedestrian
913,931,pedestrian,cyclist,ped_veh,agent_b_first,6.4247,0.9005,1.0732,0.0,1.2336,2.55,0.0,0.0,913,931,cyclist
917,1548,pedestrian,car,ped_veh,agent_a_first,-19.7288,0.4502,3.9903,0.0,4.2809,,0.0,0.0,917,1548,car
921,1548,pedestrian,car,ped_veh,agent_a_first,-5.785,1.0506,2.234,0.0,2.729,,0.00217,0.000211,921,1548,car
933,944,cyclist,truck,cyc_veh,agent_b_first,-0.3457,0.0,4.4127,0.0,1.1686,,0.0704,0.003771,933,944,truck
933,945,cyclist,pedestrian,ped_veh,agent_a_first,-0.9726,2.9516,12.3468,0.0,0.497,,0.03417,0.00747,933,945,pedestrian
933,1548,cyclist,car,cyc_veh,agent_a_first,4.9557,2.7015,2.3645,0.0,1.1149,0.3,0.16319,0.014642,933,1548,car
933,1908,cyclist,motorcycle,cyc_veh,agent_b_first,-7.074,0.05,2.2938,0.0,2.015,,0.0,0.0,933,1908,motorcycle
940,944,cyclist,truck,cyc_veh,unresolved_conflict_zone,1.1443,0.3002,0.5016,0.0,0.5508,,0.10665,0.005714,940,944,truck
940,945,cyclist,pedestrian,ped_veh,agent_a_first,-1.1776,3.552,11.3259,0.1001,0.2388,,0.15656,0.034228,940,945,pedestrian
940,1548,cyclist,car,cyc_veh,agent_a_first,0.6459,3.1017,5.4554,1.1506,1.1618,0.25,0.02725,0.002445,940,1548,car
940,1908,cyclist,motorcycle,cyc_veh,agent_b_first,-7.9543,0.1501,0.695,0.0,0.6209,,0.00342,0.000573,940,1908,motorcycle
944,945,truck,pedestrian,ped_veh,agent_a_first,0.8382,5.3029,0.335,0.6003,0.5164,0.35,0.10449,0.005834,944,945,pedestrian
944,1548,truck,car,veh_veh,agent_a_first,1.9438,2.1512,1.6751,0.2501,1.3404,0.2,0.10217,0.004263,944,1548,car
944,1908,truck,motorcycle,veh_veh,agent_b_first,-9.4106,0.05,0.5543,0.0,1.3217,0.05,0.35838,0.018947,944,1908,motorcycle
944,1910,truck,pedestrian,ped_veh,agent_b_first,-0.1807,1.6009,1.5003,0.0,0.607,,0.0676,0.003774,944,1910,pedestrian
945,966,pedestrian,truck,ped_veh,agent_b_first,6.6764,0.4002,0.9185,0.0,1.3017,1.7,4e-05,2e-06,945,966,truck
945,1908,pedestrian,motorcycle,ped_veh,agent_b_first,-3.385,2.9516,4.363,0.0,1.599,0.05,0.57887,0.116537,945,1908,motorcycle
952,966,pedestrian,truck,ped_veh,agent_b_first,-1.0876,0.9505,1.5613,0.1001,0.973,0.65,0.02389,0.001334,952,966,truck
952,1548,pedestrian,car,ped_veh,agent_a_first,-2.4315,0.7504,0.8651,0.05,1.3289,5.35,0.0,0.0,952,1548,car
959,966,pedestrian,truck,ped_veh,agent_b_first,-6.7476,2.7015,3.89,2.0511,1.7124,1.6,0.0,0.0,959,966,truck
959,981,pedestrian,lcv,ped_veh,agent_a_first,-8.9431,0.0,0.4277,1.1506,1.785,,0.0,0.0,959,981,lcv
959,992,pedestrian,lcv,ped_veh,agent_b_first,0.4473,1.5008,2.6409,0.3502,0.7015,,0.00105,7e-05,959,992,lcv
959,1001,pedestrian,lcv,ped_veh,agent_b_first,0.5151,1.851,21.2915,0.6504,1.9069,2.25,0.0,0.0,959,1001,lcv
959,1003,pedestrian,lcv,ped_veh,agent_a_first,0.5132,0.1001,3.0682,2.2512,1.3755,1.5,0.0,0.0,959,1003,lcv
959,1014,pedestrian,cyclist,ped_veh,agent_b_first,4.3192,0.0,0.0799,1.5008,0.9109,1.7,0.0,0.0,959,1014,cyclist
959,1016,pedestrian,cyclist,ped_veh,agent_b_first,0.2996,0.0,0.5895,1.751,1.9104,3.1,0.0,0.0,959,1016,cyclist
964,966,pedestrian,truck,ped_veh,agent_b_first,0.0269,0.9505,0.2448,0.0,0.2473,0.35,0.00037,2e-05,964,966,truck
964,1548,pedestrian,car,ped_veh,agent_b_first,-3.4624,0.1501,0.4587,0.0,1.7254,0.65,0.00085,8.2e-05,964,1548,car
966,969,truck,pedestrian,ped_veh,agent_a_first,1.0187,2.9516,2.1593,2.3513,1.9826,1.85,0.0,0.0,966,969,pedestrian
966,972,truck,pedestrian,ped_veh,agent_a_first,-3.4464,5.5531,9.5949,0.8004,3.406,,0.2127,0.011876,966,972,pedestrian
966,984,truck,pedestrian,ped_veh,agent_a_first,-2.1749,0.9005,2.0875,0.0,1.6482,,0.0,0.0,966,984,pedestrian
966,987,truck,pedestrian,ped_veh,agent_a_first,-5.6606,1.1006,1.4411,0.4002,2.3149,0.15,0.49417,0.027592,966,987,pedestrian
966,1548,truck,car,veh_veh,unresolved_conflict_zone,1.3602,0.0,0.2876,0.0,0.3298,0.05,0.16361,0.006827,966,1548,car
966,1557,truck,pedestrian,ped_veh,agent_b_first,-0.3216,0.05,1.8664,0.2001,1.4537,1.1,0.0,0.0,966,1557,pedestrian
969,981,pedestrian,lcv,ped_veh,agent_b_first,-5.3569,1.751,6.1047,0.0,1.7924,1.9,0.0,0.0,969,981,lcv
969,992,pedestrian,lcv,ped_veh,unresolved_conflict_zone,0.1793,0.1001,0.0272,0.2501,0.6253,0.35,0.25572,0.017151,969,992,lcv
972,981,pedestrian,lcv,ped_veh,agent_b_first,1.1191,2.6014,2.4947,0.9005,1.8769,,0.59237,0.03973,972,981,lcv
972,992,pedestrian,lcv,ped_veh,unresolved_conflict_zone,1.578,0.0,0.904,0.0,1.0125,2.25,0.03732,0.002503,972,992,lcv
972,1001,pedestrian,lcv,ped_veh,agent_b_first,1.1818,1.6009,0.8248,0.5503,0.7614,0.5,0.186,0.012475,972,1001,lcv
972,1003,pedestrian,lcv,ped_veh,agent_b_first,-2.554,4.3024,5.3253,2.1012,0.0342,0.45,0.31823,0.021343,972,1003,lcv
972,1014,pedestrian,cyclist,ped_veh,agent_b_first,-5.7506,2.6515,3.3729,0.0,1.328,1.8,0.0,0.0,972,1014,cyclist
972,1015,pedestrian,motorcycle,ped_veh,agent_b_first,3.134,1.5008,0.0929,0.0,1.1605,,0.0,0.0,972,1015,motorcycle
972,1016,pedestrian,cyclist,ped_veh,agent_b_first,-5.5987,3.4019,4.4119,0.0,1.2869,2.2,2e-05,5e-06,972,1016,cyclist
972,1021,pedestrian,motorcycle,ped_veh,agent_b_first,-168.2071,0.6003,31.2404,0.0,12.8735,,0.0,0.0,972,1021,motorcycle
972,1036,pedestrian,cyclist,ped_veh,agent_b_first,-0.3291,3.9021,2.8431,2.0011,0.5423,0.35,0.14149,0.030932,972,1036,cyclist
972,1038,pedestrian,lcv,ped_veh,agent_b_first,-0.5005,3.2518,6.3371,1.4508,0.5521,0.35,0.42956,0.02881,972,1038,lcv
972,1062,pedestrian,car,ped_veh,agent_b_first,0.1506,3.3018,1.3478,1.1006,0.32,0.3,0.11407,0.011067,972,1062,car
980,981,lcv,lcv,veh_veh,agent_a_first,1.7208,0.5503,1.0521,0.0,0.7045,,0.13131,0.00516,980,981,lcv
981,985,lcv,pedestrian,ped_veh,agent_b_first,-22.3519,0.0,1.1039,1.0506,1.8363,,0.0,0.0,981,985,pedestrian
985,992,pedestrian,lcv,ped_veh,agent_a_first,-1.756,0.8505,3.7479,0.3002,1.023,2.95,0.00154,0.000103,985,992,lcv
985,1001,pedestrian,lcv,ped_veh,unresolved_conflict_zone,-1.9191,0.0,0.0662,0.0,2.0316,1.9,0.0,0.0,985,1001,lcv
987,1548,pedestrian,car,ped_veh,agent_b_first,-10.3473,0.1001,3.7125,0.0,0.5575,0.55,0.20485,0.019873,987,1548,car
992,1001,lcv,lcv,veh_veh,unresolved_conflict_zone,-0.917,2.1012,0.0691,0.0,1.03,0.65,0.01514,0.000595,992,1001,lcv
994,1022,pedestrian,car,ped_veh,agent_b_first,-4.3972,0.4002,4.6695,0.0,1.2667,0.85,0.0046,0.000447,994,1022,car
1001,1003,lcv,lcv,veh_veh,unresolved_conflict_zone,0.0825,2.5514,0.0585,0.0,0.6896,0.05,0.23174,0.009107,1001,1003,lcv
1001,1015,lcv,motorcycle,veh_veh,agent_a_first,6.454,0.1001,1.1028,0.0,0.5423,0.9,0.0018,0.000113,1001,1015,motorcycle
1001,1561,lcv,pedestrian,ped_veh,unresolved_conflict_zone,-0.4514,0.1001,0.0462,0.0,1.2209,0.9,0.04104,0.002753,1001,1561,pedestrian
1003,1008,lcv,cyclist,cyc_veh,agent_b_first,-1.008,0.6504,1.9829,0.0,0.881,,0.01324,0.000844,1003,1008,cyclist
1003,1010,lcv,pedestrian,ped_veh,agent_b_first,-2.7017,1.0506,0.9805,0.0,0.8547,,0.00081,5.4e-05,1003,1010,pedestrian
1003,1014,lcv,cyclist,cyc_veh,agent_b_first,-0.9009,0.0,0.3726,0.6504,0.5874,0.9,1e-05,0.0,1003,1014,cyclist
1003,1016,lcv,cyclist,cyc_veh,agent_b_first,-0.9922,0.1001,0.4202,0.8505,0.7922,1.0,0.0,0.0,1003,1016,cyclist
1003,1017,lcv,pedestrian,ped_veh,agent_b_first,-1.8507,0.0,4.8114,0.0,1.6662,0.9,4e-05,3e-06,1003,1017,pedestrian
1003,1018,lcv,pedestrian,ped_veh,agent_a_first,-0.1853,1.5008,0.4691,0.5503,0.5407,0.5,0.22557,0.015129,1003,1018,pedestrian
1003,1019,lcv,pedestrian,ped_veh,agent_a_first,0.1952,0.2001,0.5287,0.0,0.8003,0.55,0.17473,0.011719,1003,1019,pedestrian
1003,1021,lcv,motorcycle,veh_veh,unresolved_conflict_zone,-1.089,0.05,0.123,0.1501,0.5063,,0.0364,0.002285,1003,1021,motorcycle
1003,1023,lcv,pedestrian,ped_veh,agent_a_first,4.9401,0.8004,5.9451,0.0,4.3264,0.9,0.00356,0.000239,1003,1023,pedestrian
1003,1561,lcv,pedestrian,ped_veh,agent_a_first,0.0977,1.1006,1.1558,0.05,1.4212,1.15,0.19964,0.013389,1003,1561,pedestrian
1005,2057,pedestrian,car,ped_veh,agent_b_first,-9.8557,0.1001,2.4971,0.3002,0.9596,0.45,0.01656,0.001606,1005,2057,car
1014,1016,cyclist,cyclist,cyc_veh,unresolved_conflict_zone,-0.7829,0.05,0.3109,0.0,0.3807,0.15,0.37392,0.066124,1014,1016,cyclist
1014,1018,cyclist,pedestrian,ped_veh,agent_a_first,1.4369,0.9005,0.3729,0.7504,0.3197,0.45,0.00381,0.000833,1014,1018,pedestrian
1014,1019,cyclist,pedestrian,ped_veh,agent_b_first,5.3765,0.1001,0.1016,0.0,1.0096,,0.0,0.0,1014,1019,pedestrian
1014,1021,cyclist,motorcycle,cyc_veh,agent_a_first,0.5553,0.0,0.0701,0.2501,0.8294,,0.0,0.0,1014,1021,motorcycle
1014,1561,cyclist,pedestrian,ped_veh,agent_a_first,7.7842,0.1001,1.4452,0.0,0.9182,0.45,1e-05,3e-06,1014,1561,pedestrian
1015,1018,motorcycle,pedestrian,ped_veh,agent_a_first,-3.2072,0.6003,0.1373,0.0,0.7428,,0.0,0.0,1015,1018,pedestrian
1015,1561,motorcycle,pedestrian,ped_veh,agent_a_first,-1.8013,1.0506,1.2363,0.0,1.4952,1.45,9e-05,1.8e-05,1015,1561,pedestrian
1016,1018,cyclist,pedestrian,ped_veh,agent_a_first,-1.0756,1.3507,0.0414,1.0006,0.7447,,0.0,0.0,1016,1018,pedestrian
1016,1019,cyclist,pedestrian,ped_veh,agent_b_first,5.5726,0.1501,0.0387,0.0,1.0387,,0.0,0.0,1016,1019,pedestrian
1016,1021,cyclist,motorcycle,cyc_veh,agent_b_first,0.8663,0.6003,0.227,0.0,0.9954,,0.0,0.0,1016,1021,motorcycle
1016,1561,cyclist,pedestrian,ped_veh,agent_a_first,3.7804,1.2507,2.6381,0.0,1.2667,,0.0,0.0,1016,1561,pedestrian
1017,1021,pedestrian,motorcycle,ped_veh,agent_b_first,-4.9034,0.6003,2.5171,0.0,0.9452,0.65,0.0,0.0,1017,1021,motorcycle
1017,2057,pedestrian,car,ped_veh,agent_b_first,0.5273,0.0,0.5498,0.0,0.2007,0.3,0.80037,0.077647,1017,2057,car
1018,1022,pedestrian,car,ped_veh,agent_a_first,-0.093,0.2001,1.0824,1.1506,1.2324,1.2,0.0,0.0,1018,1022,car
1018,1036,pedestrian,cyclist,ped_veh,agent_b_first,-0.1455,0.0,0.7771,0.0,1.2458,0.75,0.0,0.0,1018,1036,cyclist
1021,1561,motorcycle,pedestrian,ped_veh,agent_a_first,0.4374,0.2501,0.8093,0.05,0.6196,,0.19954,0.040171,1021,1561,pedestrian
1022,1026,car,pedestrian,ped_veh,unresolved_conflict_zone,-1.2027,0.5503,0.0296,0.3002,1.9514,0.65,0.0,0.0,1022,1026,pedestrian
1022,1035,car,pedestrian,ped_veh,agent_a_first,-2.4737,1.6509,1.3343,0.4502,1.591,,0.0,0.0,1022,1035,pedestrian
1023,2057,pedestrian,car,ped_veh,agent_b_first,17.2412,0.1501,0.8479,0.0,1.1663,0.25,0.11017,0.010688,1023,2057,car
1036,1038,cyclist,lcv,cyc_veh,unresolved_conflict_zone,-0.3436,1.3507,0.1799,0.0,0.2433,0.05,0.89164,0.056878,1036,1038,lcv
1036,1040,cyclist,cyclist,cyc_veh,agent_b_first,1.1159,0.6504,1.102,0.0,0.8791,,0.0,0.0,1036,1040,cyclist
1036,1042,cyclist,pedestrian,ped_veh,agent_b_first,-2.0114,0.6003,1.2985,0.0,1.0545,,0.0,0.0,1036,1042,pedestrian
1036,1044,cyclist,pedestrian,ped_veh,agent_a_first,0.0965,1.2007,2.0344,0.3502,2.3444,2.0,0.0,0.0,1036,1044,pedestrian
1038,1040,lcv,cyclist,cyc_veh,agent_b_first,-2.2413,0.6504,1.6497,0.05,0.8315,,0.00106,6.7e-05,1038,1040,cyclist
1038,1042,lcv,pedestrian,ped_veh,agent_b_first,-3.8719,0.4002,1.4446,0.0,0.844,,0.00016,1.1e-05,1038,1042,pedestrian
1044,1062,pedestrian,car,ped_veh,agent_a_first,0.843,0.0,1.1162,4.0522,1.2,1.2,0.0,0.0,1044,1062,car
1044,1081,pedestrian,motorcycle,ped_veh,agent_b_first,-0.0807,1.4008,2.5365,0.9505,0.3467,1.95,0.0,0.0,1044,1081,motorcycle
1044,1101,pedestrian,lcv,ped_veh,unresolved_conflict_zone,-1.4893,0.0,0.3434,0.7004,1.5672,1.35,0.0,0.0,1044,1101,lcv
1060,1062,car,car,veh_veh,agent_b_first,5.7629,1.0006,1.2871,0.0,1.0901,,0.00032,1.9e-05,1060,1062,car
1061,1062,pedestrian,car,ped_veh,agent_b_first,0.9709,1.1506,1.8469,3.0517,1.3363,1.05,0.0,0.0,1061,1062,car
1061,1081,pedestrian,motorcycle,ped_veh,agent_b_first,0.3915,1.6509,22.6784,0.6003,1.2306,1.1,0.00015,3e-05,1061,1081,motorcycle
1061,1101,pedestrian,lcv,ped_veh,agent_a_first,6.201,0.4502,0.2981,0.0,2.2371,1.9,4e-05,3e-06,1061,1101,lcv
1061,1122,pedestrian,car,ped_veh,agent_a_first,5.3583,0.1001,17.9591,0.0,3.2745,,0.0,0.0,1061,1122,car
1061,1124,pedestrian,lcv,ped_veh,agent_b_first,-0.729,0.05,0.0128,0.0,1.0647,0.8,0.0,0.0,1061,1124,lcv
1061,1127,pedestrian,cyclist,ped_veh,unresolved_conflict_zone,3.5694,0.0,0.0936,0.0,0.3706,0.55,0.0,0.0,1061,1127,cyclist
1062,1064,car,pedestrian,ped_veh,agent_b_first,-3.582,0.0,0.6499,0.0,0.9553,0.5,6e-05,6e-06,1062,1064,pedestrian
1062,1070,car,pedestrian,ped_veh,agent_b_first,2.8677,0.0,0.2086,0.0,1.3243,0.6,0.0,0.0,1062,1070,pedestrian
1062,1091,car,pedestrian,ped_veh,agent_a_first,3.1516,0.8004,3.5938,0.0,0.7831,,0.02428,0.002355,1062,1091,pedestrian
1062,1092,car,pedestrian,ped_veh,agent_b_first,2.9469,0.05,2.1099,0.0,0.6467,,0.08715,0.008454,1062,1092,pedestrian
1074,1078,lcv,truck,veh_veh,agent_a_first,1.9208,0.0,0.7465,0.0,0.6487,0.05,0.45257,0.015918,1074,1078,truck
1074,1081,lcv,motorcycle,veh_veh,agent_b_first,0.5889,0.0,1.7177,0.0,0.3758,0.05,0.6283,0.039446,1074,1081,motorcycle
1074,1088,lcv,pedestrian,ped_veh,agent_a_first,2.9784,1.801,2.6663,0.3502,1.658,,0.35636,0.0239,1074,1088,pedestrian
1081,1083,motorcycle,pedestrian,ped_veh,agent_a_first,-1.7386,0.0,0.8407,0.0,1.6618,2.45,0.0,0.0,1081,1083,pedestrian
1081,1084,motorcycle,pedestrian,ped_veh,agent_a_first,1.6037,0.9005,1.6942,1.0506,0.8864,1.55,9e-05,1.8e-05,1081,1084,pedestrian
1081,1087,motorcycle,pedestrian,ped_veh,agent_b_first,-5.7665,0.1501,1.4466,0.0,1.2039,,0.0,0.0,1081,1087,pedestrian
1081,1088,motorcycle,pedestrian,ped_veh,agent_b_first,-1.2957,0.3002,0.8957,0.4502,1.666,,0.0,0.0,1081,1088,pedestrian
1081,1100,motorcycle,car,veh_veh,agent_a_first,0.4612,0.6504,0.8478,0.0,0.722,0.35,0.00354,0.00031,1081,1100,car
1081,1102,motorcycle,pedestrian,ped_veh,agent_b_first,-1.608,0.05,0.9989,0.0,0.8012,,0.0,0.0,1081,1102,pedestrian
1084,1101,pedestrian,lcv,ped_veh,unresolved_conflict_zone,-0.8581,0.05,0.1874,0.4002,0.554,1.45,1e-05,1e-06,1084,1101,lcv
1084,1122,pedestrian,car,ped_veh,unresolved_conflict_zone,3.7041,0.0,0.2645,0.0,0.3953,,0.0,0.0,1084,1122,car
1084,1124,pedestrian,lcv,ped_veh,unresolved_conflict_zone,-2.3306,0.2501,0.045,0.0,0.0371,0.6,0.33032,0.022154,1084,1124,lcv
1084,1127,pedestrian,cyclist,ped_veh,agent_b_first,0.0242,0.7504,0.2541,0.2001,0.3277,0.3,0.31893,0.069723,1084,1127,cyclist
1088,1101,pedestrian,lcv,ped_veh,unresolved_conflict_zone,0.7449,0.1001,0.1636,0.3002,0.159,1.0,0.00463,0.00031,1088,1101,lcv
1100,1122,car,car,veh_veh,agent_a_first,35.629,0.0,3.1989,0.0,3.0223,0.7,0.00331,0.0002,1100,1122,car
1101,1102,lcv,pedestrian,ped_veh,agent_a_first,0.6428,1.4508,6.3313,1.3507,0.9338,0.25,0.40651,0.027264,1101,1102,pedestrian
1101,1107,lcv,cyclist,cyc_veh,agent_b_first,-0.7007,2.0511,2.5124,0.0,1.4367,,0.0,0.0,1101,1107,cyclist
1101,1113,lcv,pedestrian,ped_veh,agent_b_first,28.4019,0.1501,12.6012,0.0,4.103,1.3,0.0,0.0,1101,1113,pedestrian
1101,1121,lcv,pedestrian,ped_veh,agent_b_first,1.769,0.0,0.2005,0.0,0.7517,1.1,0.0,0.0,1101,1121,pedestrian
1102,1107,pedestrian,cyclist,ped_veh,agent_b_first,-5.1651,2.2012,8.918,1.2507,1.4045,2.35,0.0,0.0,1102,1107,cyclist
1102,1114,pedestrian,cyclist,ped_veh,agent_b_first,4.3436,0.0,0.122,2.8015,1.2231,0.55,0.00938,0.002052,1102,1114,cyclist
1102,1116,pedestrian,cyclist,ped_veh,agent_a_first,2.5136,0.3502,6.1102,2.5514,0.5696,0.6,0.0001,2.1e-05,1102,1116,cyclist
1102,1124,pedestrian,lcv,ped_veh,agent_a_first,-0.9795,0.4502,0.7025,0.2001,1.87,0.65,0.0,0.0,1102,1124,lcv
1102,1127,pedestrian,cyclist,ped_veh,agent_a_first,-3.3528,0.1501,0.2979,0.0,1.1388,2.55,0.0,0.0,1102,1127,cyclist
1102,1145,pedestrian,car,ped_veh,agent_b_first,-0.6143,0.05,1.1144,0.5503,0.3897,0.4,0.0,0.0,1102,1145,car
1102,1150,pedestrian,motorcycle,ped_veh,agent_a_first,-6.3419,1.0006,4.8337,0.0,1.6311,,0.0,0.0,1102,1150,motorcycle
1102,1598,pedestrian,truck,ped_veh,unresolved_conflict_zone,-0.1484,0.0,0.2564,0.5503,0.3293,0.25,0.00246,0.000137,1102,1598,truck
1102,1937,pedestrian,cyclist,ped_veh,agent_b_first,-2.9534,1.851,14.554,0.4502,2.1035,,0.0,0.0,1102,1937,cyclist
1107,1114,cyclist,cyclist,cyc_veh,unresolved_conflict_zone,-1.1474,0.3002,0.4841,0.0,0.2067,2.95,0.0019,0.000336,1107,1114,cyclist
1107,1116,cyclist,cyclist,cyc_veh,unresolved_conflict_zone,-0.8208,0.05,0.1044,0.0,0.3594,2.2,0.16433,0.02906,1107,1116,cyclist
1112,1937,lcv,cyclist,cyc_veh,agent_b_first,4.7627,1.4008,0.5635,0.2501,0.7948,,0.42362,0.027023,1112,1937,cyclist
1113,1124,pedestrian,lcv,ped_veh,agent_b_first,2.1871,0.7504,0.0372,0.0,0.5078,,8e-05,5e-06,1113,1124,lcv
1113,1127,pedestrian,cyclist,ped_veh,agent_a_first,1.3369,0.05,0.1064,0.0,0.2259,0.15,1e-05,2e-06,1113,1127,cyclist
1114,1124,cyclist,lcv,cyc_veh,agent_b_first,8.5847,1.3007,0.1996,0.4002,0.545,1.0,0.05,0.00319,1114,1124,lcv
1114,1137,cyclist,pedestrian,ped_veh,agent_a_first,1.5163,2.1012,1.5504,1.901,1.2183,0.7,0.0,0.0,1114,1137,pedestrian
1114,1139,cyclist,pedestrian,ped_veh,agent_a_first,-2.0218,1.5509,3.8023,1.5509,1.5958,0.95,0.0,0.0,1114,1139,pedestrian
1114,1150,cyclist,motorcycle,cyc_veh,agent_a_first,3.2065,0.1001,0.7973,0.0,0.3222,,0.0,1e-06,1114,1150,motorcycle
1114,1155,cyclist,pedestrian,ped_veh,agent_a_first,-0.2491,1.3007,6.1463,0.05,2.4236,0.9,0.0,0.0,1114,1155,pedestrian
1114,1569,cyclist,pedestrian,ped_veh,agent_a_first,0.2805,0.6504,3.7693,2.7515,1.5779,1.0,0.0,0.0,1114,1569,pedestrian
1114,1583,cyclist,pedestrian,ped_veh,agent_a_first,-0.064,6.0533,2.1493,2.3013,1.9824,0.75,0.0,0.0,1114,1583,pedestrian
1114,1589,cyclist,car,cyc_veh,agent_a_first,-0.7933,1.0006,8.731,1.5509,0.8786,0.45,0.01073,0.000963,1114,1589,car
1114,1598,cyclist,truck,cyc_veh,agent_a_first,-0.4637,2.6014,0.7,0.0,0.8275,1.6,0.01187,0.000636,1114,1598,truck
1114,1606,cyclist,pedestrian,ped_veh,agent_a_first,1.0632,1.5509,9.653,1.9511,1.3018,0.9,0.0,0.0,1114,1606,pedestrian
1114,1937,cyclist,cyclist,cyc_veh,agent_a_first,0.2384,1.4008,0.262,0.0,0.3289,,0.00033,5.8e-05,1114,1937,cyclist
1114,1942,cyclist,pedestrian,ped_veh,agent_a_first,-0.8877,0.1001,1.4758,3.2518,0.853,0.25,0.15924,0.034812,1114,1942,pedestrian
1116,1124,cyclist,lcv,cyc_veh,agent_b_first,-0.5637,3.5019,0.7683,0.2501,1.1358,1.8,0.00645,0.000411,1116,1124,lcv
1116,1137,cyclist,pedestrian,ped_veh,agent_a_first,3.7576,0.5003,3.4005,1.0006,1.3021,1.85,0.0,0.0,1116,1137,pedestrian
1116,1139,cyclist,pedestrian,ped_veh,agent_a_first,-2.3201,1.3507,1.0139,0.8505,1.5292,1.8,0.0,0.0,1116,1139,pedestrian
1116,1150,cyclist,motorcycle,cyc_veh,unresolved_conflict_zone,2.4626,1.0006,0.886,0.1001,0.4767,7.75,0.0,0.0,1116,1150,motorcycle
1116,1569,cyclist,pedestrian,ped_veh,agent_a_first,5.0456,1.2507,3.4216,0.7504,1.5637,2.2,0.0,0.0,1116,1569,pedestrian
1116,1583,cyclist,pedestrian,ped_veh,agent_a_first,0.6518,0.5503,3.5973,1.1006,0.7141,1.65,0.0,0.0,1116,1583,pedestrian
1116,1598,cyclist,truck,cyc_veh,unresolved_conflict_zone,-1.6782,0.0,1.0523,0.0,0.8879,,0.04946,0.00265,1116,1598,truck
1116,1606,cyclist,pedestrian,ped_veh,agent_a_first,-1.9743,0.7004,2.3411,0.7504,1.3975,1.5,0.0,0.0,1116,1606,pedestrian
1116,1937,cyclist,cyclist,cyc_veh,agent_a_first,0.9938,1.1006,0.4171,0.0,0.3981,1.8,0.11423,0.020201,1116,1937,cyclist
1116,1942,cyclist,pedestrian,ped_veh,agent_b_first,-1.1177,0.0,0.5134,0.0,0.9997,0.5,0.12517,0.027365,1116,1942,pedestrian
1121,1124,pedestrian,lcv,ped_veh,agent_a_first,10.058,1.1006,1.3509,0.2501,0.2198,0.85,0.00033,2.2e-05,1121,1124,lcv
1124,1583,lcv,pedestrian,ped_veh,agent_a_first,0.817,0.05,1.3981,0.3502,0.4005,0.3,0.06911,0.004635,1124,1583,pedestrian
1124,1606,lcv,pedestrian,ped_veh,agent_a_first,1.0873,1.3507,0.7587,0.0,0.7244,0.5,0.20126,0.013498,1124,1606,pedestrian
1124,1942,lcv,pedestrian,ped_veh,agent_a_first,6.1794,0.1001,10.4584,0.0,0.6288,0.4,0.32617,0.021876,1124,1942,pedestrian
1137,1150,pedestrian,motorcycle,ped_veh,agent_b_first,-5.3597,0.6003,2.7085,0.0,1.2624,,0.0,0.0,1137,1150,motorcycle
1139,1150,pedestrian,motorcycle,ped_veh,agent_b_first,-11.6499,0.8004,4.161,0.0,1.106,,0.0,0.0,1139,1150,motorcycle
1145,1156,car,car,veh_veh,unresolved_conflict_zone,0.8441,0.4002,0.6631,0.2001,0.3351,1.35,0.09202,0.005579,1145,1156,car
1150,1569,motorcycle,pedestrian,ped_veh,agent_a_first,-1.1159,0.8004,5.147,0.0,2.2726,,0.0,0.0,1150,1569,pedestrian
1150,1583,motorcycle,pedestrian,ped_veh,agent_a_first,0.2438,0.5503,1.5361,0.0,1.8977,,0.0,0.0,1150,1583,pedestrian
1150,1589,motorcycle,car,veh_veh,agent_b_first,-18.375,0.0,0.7208,0.0,1.7996,0.45,0.00868,0.000761,1150,1589,car
1150,1606,motorcycle,pedestrian,ped_veh,agent_b_first,-9.4565,0.0,0.4503,0.0,2.4588,,0.0,0.0,1150,1606,pedestrian
1150,1942,motorcycle,pedestrian,ped_veh,agent_a_first,3.5858,0.6504,6.5889,0.0,1.3314,,2e-05,4e-06,1150,1942,pedestrian
1167,1945,pedestrian,truck,ped_veh,agent_a_first,-0.8792,0.7504,4.4889,0.0,1.311,,0.01952,0.00109,1167,1945,truck
1168,1606,truck,pedestrian,ped_veh,agent_a_first,18.2359,0.9505,12.9148,0.0,2.9393,1.25,0.0,0.0,1168,1606,pedestrian
1171,1945,truck,truck,veh_veh,unresolved_conflict_zone,-1.5042,0.1001,0.1494,0.05,0.7599,0.75,0.00339,0.000108,1171,1945,truck
1174,1945,pedestrian,truck,ped_veh,agent_b_first,5.9736,0.8004,0.7448,1.6009,1.5745,1.2,0.0,0.0,1174,1945,truck
1187,1196,truck,pedestrian,ped_veh,agent_a_first,-5.5213,0.5503,0.6146,0.3002,1.4902,0.25,0.29508,0.016476,1187,1196,pedestrian
1196,1200,pedestrian,truck,ped_veh,unresolved_conflict_zone,-2.6023,0.05,0.0675,0.3502,0.2942,2.0,0.00023,1.3e-05,1196,1200,truck
1200,1206,truck,cyclist,cyc_veh,agent_a_first,0.8678,0.7004,2.3549,0.0,1.2192,0.95,0.0,0.0,1200,1206,cyclist
1200,1207,truck,pedestrian,ped_veh,agent_a_first,-0.8118,0.9505,1.6216,0.6504,1.1711,,0.15074,0.008417,1200,1207,pedestrian
1200,1211,truck,cyclist,cyc_veh,agent_a_first,0.5722,0.9505,0.5634,0.0,1.0618,1.0,0.0,0.0,1200,1211,cyclist
1206,1207,cyclist,pedestrian,ped_veh,agent_a_first,-0.5539,0.7504,0.9272,2.5014,0.9503,,0.0,0.0,1206,1207,pedestrian
1206,1209,cyclist,pedestrian,ped_veh,agent_a_first,4.459,0.3002,4.2326,0.1001,1.9413,,0.0,0.0,1206,1209,pedestrian
1206,1220,cyclist,car,cyc_veh,agent_b_first,-2.5549,1.6509,0.3485,0.0,1.1264,,0.0,0.0,1206,1220,car
1206,1230,cyclist,pedestrian,ped_veh,agent_b_first,-9.7902,0.0,2.1562,0.0,1.5363,1.55,0.0,0.0,1206,1230,pedestrian
1206,1623,cyclist,pedestrian,ped_veh,agent_a_first,-0.8793,0.4502,4.1367,0.0,0.4999,3.55,0.00983,0.002148,1206,1623,pedestrian
1206,1628,cyclist,pedestrian,ped_veh,agent_b_first,-1.8306,0.5503,3.5356,0.0,0.2888,1.3,0.05275,0.011532,1206,1628,pedestrian
1207,1211,pedestrian,cyclist,ped_veh,agent_b_first,0.8044,2.0011,1.1852,1.4008,1.2588,1.55,0.0,0.0,1207,1211,cyclist
1207,1226,pedestrian,cyclist,ped_veh,agent_b_first,6.9165,1.3507,0.66,0.0,1.4292,,0.0,0.0,1207,1226,cyclist
1207,1227,pedestrian,cyclist,ped_veh,agent_b_first,-1.8615,5.6031,3.3131,3.1017,0.6699,0.4,0.18948,0.041424,1207,1227,cyclist
1207,1231,pedestrian,cyclist,ped_veh,agent_b_first,-2.5141,4.5025,11.2171,2.5514,0.6667,0.45,0.00853,0.001865,1207,1231,cyclist
1207,1240,pedestrian,cyclist,ped_veh,agent_b_first,-3.1261,2.9516,7.9826,1.4008,0.5538,0.45,0.16472,0.036011,1207,1240,cyclist
1207,1252,pedestrian,car,ped_veh,agent_b_first,3.0494,2.1012,1.1678,0.0,2.4082,,1e-05,1e-06,1207,1252,car
1207,1258,pedestrian,car,ped_veh,agent_b_first,6.0311,0.9005,2.0253,0.0,2.5828,,0.0,0.0,1207,1258,car
1207,1265,pedestrian,car,ped_veh,agent_b_first,1.4493,0.6504,0.9824,0.0,1.5479,2.0,0.0,0.0,1207,1265,car
1207,1963,pedestrian,cyclist,ped_veh,agent_b_first,0.342,2.8015,6.8716,0.2001,0.6931,0.55,0.00597,0.001305,1207,1963,cyclist
1209,1211,pedestrian,cyclist,ped_veh,agent_a_first,8.2643,0.05,2.1883,0.2001,1.1265,0.85,0.0,1e-06,1209,1211,cyclist
1211,1220,cyclist,car,cyc_veh,agent_b_first,2.8827,1.0506,0.3943,0.1001,0.8487,,0.0,0.0,1211,1220,car
1211,1230,cyclist,pedestrian,ped_veh,agent_a_first,-9.5514,1.1006,11.212,0.1001,1.6751,1.65,0.0,0.0,1211,1230,pedestrian
1211,1623,cyclist,pedestrian,ped_veh,agent_a_first,-2.7153,1.4508,4.732,0.0,0.7836,1.0,0.41022,0.089681,1211,1623,pedestrian
1211,1628,cyclist,pedestrian,ped_veh,agent_a_first,-0.5293,1.851,1.3865,0.0,0.2197,0.25,0.70769,0.154713,1211,1628,pedestrian
1220,1623,car,pedestrian,ped_veh,agent_a_first,-4.4939,1.3007,0.7071,0.0,1.8672,,0.0,0.0,1220,1623,pedestrian
1220,1628,car,pedestrian,ped_veh,agent_a_first,7.2528,1.2007,0.84,0.0,1.7837,,0.0,0.0,1220,1628,pedestrian
1223,1589,pedestrian,car,ped_veh,agent_a_first,1.3477,0.0,1.9005,0.0,0.9839,,5e-05,5e-06,1223,1589,car
1227,1230,cyclist,pedestrian,ped_veh,agent_a_first,5.1058,2.4013,1.4164,0.3002,1.2208,0.55,0.0003,6.5e-05,1227,1230,pedestrian
1227,1238,cyclist,cyclist,cyc_veh,agent_b_first,1.678,1.3507,1.1869,0.0,0.5056,,0.0,0.0,1227,1238,cyclist
1227,1252,cyclist,car,cyc_veh,unresolved_conflict_zone,-6.4808,0.4502,0.147,0.4002,1.1653,0.85,0.0,0.0,1227,1252,car
1227,1623,cyclist,pedestrian,ped_veh,agent_a_first,2.8161,0.5503,0.1499,0.5003,0.7915,0.55,0.00014,3e-05,1227,1623,pedestrian
1227,1628,cyclist,pedestrian,ped_veh,agent_b_first,-1.0709,0.2001,0.1278,1.7009,0.5493,0.8,0.0014,0.000306,1227,1628,pedestrian
1227,1963,cyclist,cyclist,cyc_veh,agent_b_first,-1.7401,0.1501,0.8277,0.0,0.4199,0.6,0.23797,0.042083,1227,1963,cyclist
1227,1964,cyclist,pedestrian,ped_veh,unresolved_conflict_zone,-1.1023,0.05,0.0325,0.5503,0.665,,0.00013,2.8e-05,1227,1964,pedestrian
1230,1231,pedestrian,cyclist,ped_veh,agent_b_first,0.3925,1.801,0.6043,0.1501,0.6964,0.55,0.07754,0.016952,1230,1231,cyclist
1230,1240,pedestrian,cyclist,ped_veh,agent_b_first,-3.102,1.801,0.9033,0.0,1.0141,1.5,0.00128,0.000279,1230,1240,cyclist
1230,1249,pedestrian,cyclist,ped_veh,agent_b_first,-1.5341,0.7504,0.4421,0.0,0.6655,0.85,0.13863,0.030306,1230,1249,cyclist
1230,1963,pedestrian,cyclist,ped_veh,unresolved_conflict_zone,-1.1496,0.0,0.0823,0.0,1.3233,1.55,0.0,0.0,1230,1963,cyclist
1231,1238,cyclist,cyclist,cyc_veh,agent_b_first,0.3435,0.1001,1.1407,0.0,0.7553,,0.0,0.0,1231,1238,cyclist
1231,1623,cyclist,pedestrian,ped_veh,agent_a_first,1.5889,1.4508,0.456,0.1001,0.6659,0.3,0.12032,0.026305,1231,1623,pedestrian
1231,1628,cyclist,pedestrian,ped_veh,agent_b_first,0.078,0.1001,0.0352,0.7004,0.2628,0.45,0.25271,0.055247,1231,1628,pedestrian
1238,1240,cyclist,cyclist,cyc_veh,agent_a_first,2.6609,1.2007,2.0096,0.0,1.6325,,0.0,0.0,1238,1240,cyclist
1238,1963,cyclist,cyclist,cyc_veh,agent_a_first,0.1607,0.8505,1.4163,0.0,1.5837,,0.0,0.0,1238,1963,cyclist
1240,1623,cyclist,pedestrian,ped_veh,agent_a_first,1.8406,1.3007,1.0928,0.0,1.1242,0.95,0.00022,4.8e-05,1240,1623,pedestrian
1240,1628,cyclist,pedestrian,ped_veh,agent_a_first,0.5995,1.751,0.6824,0.05,1.0847,1.35,0.00674,0.001474,1240,1628,pedestrian
1249,1252,cyclist,car,cyc_veh,unresolved_conflict_zone,-23.5838,0.0,0.0601,0.0,1.3142,1.1,0.0,0.0,1249,1252,car
1249,1623,cyclist,pedestrian,ped_veh,agent_a_first,1.8567,0.4002,0.0425,0.0,0.8742,0.5,0.06052,0.01323,1249,1623,pedestrian
1249,1628,cyclist,pedestrian,ped_veh,agent_a_first,-0.3818,0.3002,0.0499,0.0,0.2639,0.1,0.60447,0.132146,1249,1628,pedestrian
1252,1255,car,cyclist,cyc_veh,agent_a_first,1.1592,0.05,0.0298,0.2501,0.5181,,0.0,0.0,1252,1255,cyclist
1252,1263,car,lcv,veh_veh,agent_b_first,-3.575,1.3007,2.4718,0.1501,1.6164,1.25,0.0,0.0,1252,1263,lcv
1252,1266,car,pedestrian,ped_veh,agent_b_first,0.8852,0.7504,0.455,0.0,0.5927,,0.77384,0.075072,1252,1266,pedestrian
1252,1272,car,pedestrian,ped_veh,agent_b_first,5.4156,0.0,0.793,0.0,1.9506,,0.0,0.0,1252,1272,pedestrian
1252,1273,car,pedestrian,ped_veh,agent_a_first,0.344,0.0,1.0455,0.0,1.315,,0.0,0.0,1252,1273,pedestrian
1252,1623,car,pedestrian,ped_veh,agent_b_first,2.5395,0.0,0.4854,0.0,0.7586,0.45,0.00963,0.000934,1252,1623,pedestrian
1252,1624,car,pedestrian,ped_veh,agent_a_first,0.4863,0.0,0.0027,0.0,0.144,0.05,0.97477,0.094566,1252,1624,pedestrian
1252,1628,car,pedestrian,ped_veh,agent_a_first,-0.496,0.5503,1.0166,0.0,1.1573,1.0,0.00043,4.2e-05,1252,1628,pedestrian
1252,1964,car,pedestrian,ped_veh,agent_a_first,-0.8,1.1006,0.6644,0.0,0.9892,0.95,0.00324,0.000314,1252,1964,pedestrian
1252,1971,car,pedestrian,ped_veh,agent_b_first,-3.0303,0.4502,18.0019,0.0,1.8648,,0.0,0.0,1252,1971,pedestrian
1255,1623,cyclist,pedestrian,ped_veh,agent_a_first,2.6999,0.2501,1.8103,0.1001,0.6072,2.35,0.0,0.0,1255,1623,pedestrian
1255,1628,cyclist,pedestrian,ped_veh,agent_a_first,0.5815,0.1501,1.3691,0.05,1.1675,8.15,0.0,0.0,1255,1628,pedestrian
1255,1964,cyclist,pedestrian,ped_veh,agent_b_first,1.493,0.0,0.5721,0.1501,0.6471,,0.0,0.0,1255,1964,pedestrian
1263,1265,lcv,car,veh_veh,agent_a_first,0.706,1.2007,0.422,0.0,0.1524,0.05,0.0229,0.001091,1263,1265,car
1263,1269,lcv,pedestrian,ped_veh,agent_b_first,0.5666,0.3502,0.2273,0.0,0.2445,0.1,0.5432,0.036431,1263,1269,pedestrian
1263,1272,lcv,pedestrian,ped_veh,agent_a_first,3.0857,0.2501,1.0172,0.0,0.5725,0.4,0.00016,1.1e-05,1263,1272,pedestrian
1263,1273,lcv,pedestrian,ped_veh,agent_a_first,-3.1817,0.0,0.4118,0.0,0.6977,0.3,0.00021,1.4e-05,1263,1273,pedestrian
1263,1971,lcv,pedestrian,ped_veh,agent_a_first,-5.6401,0.5003,0.0621,0.0,0.2765,0.15,0.00015,1e-05,1263,1971,pedestrian
1265,1269,car,pedestrian,ped_veh,unresolved_conflict_zone,-4.3228,0.0,0.0953,0.4502,0.2649,,0.15783,0.015311,1265,1269,pedestrian
1265,1272,car,pedestrian,ped_veh,agent_b_first,0.0416,0.05,0.0139,0.0,0.2018,0.1,0.74432,0.072209,1265,1272,pedestrian
1265,1273,car,pedestrian,ped_veh,agent_b_first,-0.3743,0.3502,0.3616,0.0,0.0977,0.05,0.88024,0.085395,1265,1273,pedestrian
1265,1971,car,pedestrian,ped_veh,agent_b_first,0.8634,0.0,0.059,0.0,0.4863,0.05,0.01534,0.001488,1265,1971,pedestrian
1269,1275,pedestrian,car,ped_veh,agent_a_first,0.0214,0.3502,0.8194,0.4002,1.1624,1.85,0.0,0.0,1269,1275,car
1296,1652,motorcycle,pedestrian,ped_veh,agent_b_first,-3.0318,0.0,15.4836,0.1501,1.7192,0.9,0.0,0.0,1296,1652,pedestrian
1308,1338,pedestrian,truck,ped_veh,agent_b_first,0.2719,1.5008,22.7837,0.0,2.638,0.7,3e-05,1e-06,1308,1338,truck
1322,1338,pedestrian,truck,ped_veh,agent_b_first,2.9488,2.1512,5.4285,0.0,3.6133,3.3,0.00031,1.7e-05,1322,1338,truck
1324,1984,cyclist,pedestrian,ped_veh,agent_a_first,0.0091,0.2001,0.5097,0.0,0.3104,0.05,0.71454,0.156209,1324,1984,pedestrian
1362,1369,motorcycle,cyclist,cyc_veh,unresolved_conflict_zone,-1.5881,0.0,0.3178,0.3502,0.3051,0.3,0.01857,0.003107,1362,1369,cyclist
1367,1369,motorcycle,cyclist,cyc_veh,agent_a_first,0.8305,0.7004,2.3321,0.0,1.9157,,0.0,0.0,1367,1369,cyclist
1369,1980,cyclist,pedestrian,ped_veh,agent_b_first,-1.1957,0.8505,1.6911,0.2501,0.9626,,0.0,0.0,1369,1980,pedestrian
1406,1743,motorcycle,pedestrian,ped_veh,agent_a_first,7.8109,0.8505,8.5814,0.3502,5.4047,,0.00166,0.000334,1406,1743,pedestrian
1427,1783,pedestrian,lcv,ped_veh,agent_a_first,22.635,2.5014,0.7077,0.0,1.9373,0.65,0.02084,0.001397,1427,1783,lcv
1445,1824,cyclist,pedestrian,ped_veh,agent_a_first,1.9105,0.1001,0.7012,0.2001,0.4431,,0.00397,0.000868,1445,1824,pedestrian
1446,1795,pedestrian,cyclist,ped_veh,unresolved_conflict_zone,0.9786,0.0,0.1588,0.0,0.1791,0.05,0.80368,0.175697,1446,1795,cyclist
1448,1784,pedestrian,lcv,ped_veh,agent_b_first,3.4727,0.4502,1.3666,0.0,1.1368,,0.00023,1.6e-05,1448,1784,lcv
1448,1800,pedestrian,cyclist,ped_veh,agent_a_first,-3.498,0.0,0.2039,0.0,1.0228,,0.0,0.0,1448,1800,cyclist
1455,1784,pedestrian,lcv,ped_veh,agent_b_first,3.9822,0.0,0.4712,0.0,1.0636,,0.0,0.0,1455,1784,lcv
1455,1800,pedestrian,cyclist,ped_veh,agent_a_first,0.5511,0.5003,0.5631,0.1001,0.9253,,0.00144,0.000315,1455,1800,cyclist
1459,1476,pedestrian,cyclist,ped_veh,agent_a_first,11.0981,0.2001,0.1664,0.2001,0.3487,,0.0,0.0,1459,1476,cyclist
1461,1830,pedestrian,car,ped_veh,agent_b_first,-0.2032,0.3502,3.9774,0.0,2.3903,9.6,7e-05,7e-06,1461,1830,car
1463,1495,pedestrian,lcv,ped_veh,agent_b_first,-0.0425,0.0,1.2211,1.0006,0.315,,0.06884,0.004617,1463,1495,lcv
1463,1506,pedestrian,truck,ped_veh,agent_a_first,45.1133,0.5503,9.9826,0.0,3.3243,6.85,0.0,0.0,1463,1506,truck
1463,1835,pedestrian,truck,ped_veh,agent_a_first,-8.286,0.9505,8.7837,0.1001,3.1546,0.7,0.00066,3.7e-05,1463,1835,truck
1465,1863,pedestrian,cyclist,ped_veh,agent_b_first,2.7889,1.3007,0.8736,0.1501,0.7933,,0.0,0.0,1465,1863,cyclist
1473,1495,pedestrian,lcv,ped_veh,agent_b_first,1.3573,0.0,0.6276,1.4508,0.141,,0.03779,0.002535,1473,1495,lcv
1473,1835,pedestrian,truck,ped_veh,unresolved_conflict_zone,-0.9785,0.7504,0.5245,0.2501,1.2553,1.1,0.00065,3.6e-05,1473,1835,truck
1485,1835,pedestrian,truck,ped_veh,agent_a_first,14.5828,0.0,1.2505,0.05,1.4817,3.6,5e-05,3e-06,1485,1835,truck
1495,1835,lcv,truck,veh_veh,agent_a_first,1.3189,0.3502,0.2244,0.4002,0.1442,,0.02472,0.000869,1495,1835,truck
1495,1838,lcv,pedestrian,ped_veh,agent_a_first,-2.8472,0.2001,2.4769,0.4002,1.2043,,7e-05,5e-06,1495,1838,pedestrian
1495,2031,lcv,pedestrian,ped_veh,agent_b_first,-2.85,0.1501,1.2817,0.3002,0.4674,,0.00356,0.000239,1495,2031,pedestrian
1503,1853,cyclist,pedestrian,ped_veh,agent_b_first,0.0481,1.2007,1.4513,0.0,1.097,0.65,0.0,0.0,1503,1853,pedestrian
1503,1854,cyclist,pedestrian,ped_veh,agent_a_first,3.9137,1.7009,3.7734,0.05,1.443,1.05,0.0,0.0,1503,1854,pedestrian
1503,1863,cyclist,cyclist,cyc_veh,agent_a_first,3.8782,0.4502,1.8853,0.1001,0.5519,,0.0,0.0,1503,1863,cyclist
1508,1854,cyclist,pedestrian,ped_veh,agent_b_first,7.476,0.1501,1.2699,0.3502,1.2064,1.6,0.0,0.0,1508,1854,pedestrian
1512,2045,pedestrian,cyclist,ped_veh,agent_b_first,-0.2942,1.3507,0.5892,0.0,0.2823,0.05,0.53536,0.117038,1512,2045,cyclist
1528,1855,car,pedestrian,ped_veh,agent_a_first,0.8349,0.0,0.2601,0.4502,0.634,,0.0,0.0,1528,1855,pedestrian
1528,2043,car,pedestrian,ped_veh,agent_a_first,-0.1671,0.8505,0.4073,0.0,0.6766,,0.04405,0.004273,1528,2043,pedestrian
1548,1915,car,auto_rickshaw,veh_veh,agent_b_first,-1.6768,0.6504,3.3091,0.0,3.3636,,0.0,0.0,1548,1915,auto_rickshaw
1587,1589,cyclist,car,cyc_veh,agent_a_first,6.4366,1.2507,0.0624,0.8004,1.4599,0.65,0.0,0.0,1587,1589,car
1587,1590,cyclist,motorcycle,cyc_veh,agent_b_first,-0.0833,1.1506,0.0656,0.0,0.078,0.05,0.84689,0.141684,1587,1590,motorcycle
1589,1590,car,motorcycle,veh_veh,agent_a_first,-23.4985,0.0,1.9535,0.3002,4.4169,0.65,0.0,0.0,1589,1590,motorcycle
1589,1942,car,pedestrian,ped_veh,agent_b_first,2.5419,3.5019,1.7215,0.0,0.8733,0.25,0.19189,0.018616,1589,1942,pedestrian
1589,1943,car,car,veh_veh,agent_b_first,-4.3192,1.6009,9.1268,0.1001,1.4658,,0.00301,0.000182,1589,1943,car
1589,1945,car,truck,veh_veh,agent_b_first,1.9041,3.9021,0.1822,0.3502,0.6206,0.4,0.06841,0.002854,1589,1945,truck
1589,1952,car,pedestrian,ped_veh,agent_a_first,4.549,0.3002,16.8861,0.0,1.1257,0.45,0.0005,4.9e-05,1589,1952,pedestrian
1590,1943,motorcycle,car,veh_veh,agent_b_first,5.1481,0.05,0.2628,0.1001,0.5567,0.25,0.10943,0.009586,1590,1943,car
1606,1945,pedestrian,truck,ped_veh,agent_b_first,3.0037,2.0511,8.5479,3.2018,1.5319,2.4,0.0,0.0,1606,1945,truck
1623,1963,pedestrian,cyclist,ped_veh,agent_a_first,-1.2989,0.0,0.6126,0.0,1.4997,5.9,0.0,0.0,1623,1963,cyclist
1628,1963,pedestrian,cyclist,ped_veh,unresolved_conflict_zone,-1.0505,0.0,0.1345,0.0,1.2554,1.25,0.0,0.0,1628,1963,cyclist
1740,1745,pedestrian,lcv,ped_veh,agent_b_first,0.117,0.4502,0.2815,0.0,0.6231,1.0,0.26772,0.017956,1740,1745,lcv
1743,1745,pedestrian,lcv,ped_veh,agent_b_first,-3.2491,1.2007,5.8771,0.0,1.6137,0.95,0.18006,0.012076,1743,1745,lcv
1768,1774,pedestrian,lcv,ped_veh,agent_b_first,-8.3479,1.4008,0.9253,0.0,2.6924,0.5,0.00594,0.000398,1768,1774,lcv
1768,1776,pedestrian,cyclist,ped_veh,agent_b_first,0.776,0.0,2.3592,0.2001,1.071,3.55,0.0,0.0,1768,1776,cyclist
1769,1776,cyclist,cyclist,cyc_veh,agent_b_first,-1.2763,0.0,0.5146,0.0,0.8572,,0.0,0.0,1769,1776,cyclist
1776,2020,cyclist,pedestrian,ped_veh,agent_a_first,0.7638,0.05,1.2631,0.0,1.1238,,0.0,0.0,1776,2020,pedestrian
1783,1791,lcv,motorcycle,veh_veh,agent_b_first,-1.9912,0.1501,0.3532,0.5003,1.3771,1.25,7e-05,4e-06,1783,1791,motorcycle
1784,1799,lcv,pedestrian,ped_veh,agent_b_first,0.3338,0.3002,0.3822,2.1512,0.3759,0.25,0.51735,0.034698,1784,1799,pedestrian
1784,1800,lcv,cyclist,cyc_veh,agent_a_first,2.417,0.2501,0.0279,0.4002,0.9343,1.25,0.0,0.0,1784,1800,cyclist
1784,1818,lcv,pedestrian,ped_veh,agent_a_first,-0.9211,0.05,0.0325,0.2501,0.4279,,1e-05,0.0,1784,1818,pedestrian
1791,1792,motorcycle,pedestrian,ped_veh,agent_b_first,-3.2891,0.0,0.184,0.7004,1.3278,1.5,0.0,0.0,1791,1792,pedestrian
1791,1793,motorcycle,pedestrian,ped_veh,agent_a_first,2.4407,2.1012,3.7466,0.0,1.2891,,0.0,0.0,1791,1793,pedestrian
1791,1799,motorcycle,pedestrian,ped_veh,agent_a_first,-0.136,0.2501,3.3796,0.1001,2.003,,0.0,0.0,1791,1799,pedestrian
1799,1800,pedestrian,cyclist,ped_veh,agent_a_first,-0.176,0.0,0.4062,0.2001,0.8117,1.45,0.0,0.0,1799,1800,cyclist
1800,1818,cyclist,pedestrian,ped_veh,agent_b_first,-1.4606,0.05,0.28,0.0,0.4712,,0.00337,0.000737,1800,1818,pedestrian
1829,1830,pedestrian,car,ped_veh,unresolved_conflict_zone,0.3516,0.0,0.4285,0.0,0.1094,,0.0019,0.000185,1829,1830,car
1853,1863,pedestrian,cyclist,ped_veh,unresolved_conflict_zone,0.2569,0.5003,0.0836,0.7504,0.3098,0.35,0.00033,7.1e-05,1853,1863,cyclist
1854,1863,pedestrian,cyclist,ped_veh,agent_b_first,0.1774,0.0,0.1283,1.801,0.4113,0.4,0.00123,0.000268,1854,1863,cyclist
1856,1863,pedestrian,cyclist,ped_veh,agent_b_first,-2.8223,0.1501,1.2495,0.2501,0.6822,0.45,0.00517,0.001131,1856,1863,cyclist
1908,1910,motorcycle,pedestrian,ped_veh,agent_b_first,0.5694,0.1501,0.9938,0.6504,2.1664,1.45,0.0,0.0,1908,1910,pedestrian
1945,1948,truck,pedestrian,ped_veh,agent_b_first,-0.268,0.8004,2.7309,0.2001,1.2736,,0.00807,0.00045,1945,1948,pedestrian
1945,1950,truck,pedestrian,ped_veh,agent_a_first,29.2082,0.4502,5.0856,0.1501,2.4094,1.2,0.00027,1.5e-05,1945,1950,pedestrian
2042,2045,pedestrian,cyclist,ped_veh,agent_b_first,2.2139,0.7504,0.2636,0.2501,0.4711,,0.30007,0.065599,2042,2045,cyclist
